{
    "variants": {
        "facing=east,half=bottom,shape=straight":  { "model": "ChineseWorkshop:black_tile_roof_slab", "y": 270, "uvlock": true },
        "facing=west,half=bottom,shape=straight":  { "model": "ChineseWorkshop:black_tile_roof_slab", "y": 90, "uvlock": true },
        "facing=south,half=bottom,shape=straight": { "model": "ChineseWorkshop:black_tile_roof_slab" },
        "facing=north,half=bottom,shape=straight": { "model": "ChineseWorkshop:black_tile_roof_slab", "y": 180, "uvlock": true },
        "facing=east,half=bottom,shape=outer_right":  { "model": "ChineseWorkshop:black_tile_roof_slab_l" },
        "facing=west,half=bottom,shape=outer_right":  { "model": "ChineseWorkshop:black_tile_roof_slab_l", "y": 180, "uvlock": true },
        "facing=south,half=bottom,shape=outer_right": { "model": "ChineseWorkshop:black_tile_roof_slab_l", "y": 90, "uvlock": true },
        "facing=north,half=bottom,shape=outer_right": { "model": "ChineseWorkshop:black_tile_roof_slab_l", "y": 270, "uvlock": true },
        "facing=east,half=bottom,shape=outer_left":  { "model": "ChineseWorkshop:black_tile_roof_slab_l", "y": 270, "uvlock": true },
        "facing=west,half=bottom,shape=outer_left":  { "model": "ChineseWorkshop:black_tile_roof_slab_l", "y": 90, "uvlock": true },
        "facing=south,half=bottom,shape=outer_left": { "model": "ChineseWorkshop:black_tile_roof_slab_l" },
        "facing=north,half=bottom,shape=outer_left": { "model": "ChineseWorkshop:black_tile_roof_slab_l", "y": 180, "uvlock": true },
        "facing=east,half=bottom,shape=inner_right":  { "model": "ChineseWorkshop:black_tile_roof_slab_ls", "y": 270, "uvlock": true },
        "facing=west,half=bottom,shape=inner_right":  { "model": "ChineseWorkshop:black_tile_roof_slab_ls", "y": 90, "uvlock": true },
        "facing=south,half=bottom,shape=inner_right": { "model": "ChineseWorkshop:black_tile_roof_slab_ls" },
        "facing=north,half=bottom,shape=inner_right": { "model": "ChineseWorkshop:black_tile_roof_slab_ls", "y": 180, "uvlock": true },
        "facing=east,half=bottom,shape=inner_left":  { "model": "ChineseWorkshop:black_tile_roof_slab_ls", "y": 180, "uvlock": true },
        "facing=west,half=bottom,shape=inner_left":  { "model": "ChineseWorkshop:black_tile_roof_slab_ls" },
        "facing=south,half=bottom,shape=inner_left": { "model": "ChineseWorkshop:black_tile_roof_slab_ls", "y": 270, "uvlock": true },
        "facing=north,half=bottom,shape=inner_left": { "model": "ChineseWorkshop:black_tile_roof_slab_ls", "y": 90, "uvlock": true },
        "facing=east,half=top,shape=straight":  { "model": "ChineseWorkshop:black_tile_roof_slab", "y": 90, "uvlock": true },
        "facing=west,half=top,shape=straight":  { "model": "ChineseWorkshop:black_tile_roof_slab", "y": 270, "uvlock": true },
        "facing=south,half=top,shape=straight": { "model": "ChineseWorkshop:black_tile_roof_slab", "y": 180, "uvlock": true },
        "facing=north,half=top,shape=straight": { "model": "ChineseWorkshop:black_tile_roof_slab", "uvlock": true },
        "facing=east,half=top,shape=outer_right":  { "model": "ChineseWorkshop:black_tile_roof_slab_l", "y": 90, "uvlock": true },
        "facing=west,half=top,shape=outer_right":  { "model": "ChineseWorkshop:black_tile_roof_slab_l", "y": 270, "uvlock": true },
        "facing=south,half=top,shape=outer_right": { "model": "ChineseWorkshop:black_tile_roof_slab_l", "y": 180, "uvlock": true },
        "facing=north,half=top,shape=outer_right": { "model": "ChineseWorkshop:black_tile_roof_slab_l", "uvlock": true },
        "facing=east,half=top,shape=outer_left":  { "model": "ChineseWorkshop:black_tile_roof_slab_l", "uvlock": true },
        "facing=west,half=top,shape=outer_left":  { "model": "ChineseWorkshop:black_tile_roof_slab_l", "y": 180, "uvlock": true },
        "facing=south,half=top,shape=outer_left": { "model": "ChineseWorkshop:black_tile_roof_slab_l", "y": 90, "uvlock": true },
        "facing=north,half=top,shape=outer_left": { "model": "ChineseWorkshop:black_tile_roof_slab_l", "y": 270, "uvlock": true },
        "facing=east,half=top,shape=inner_right":  { "model": "ChineseWorkshop:black_tile_roof_slab_ls", "y": 180, "uvlock": true },
        "facing=west,half=top,shape=inner_right":  { "model": "ChineseWorkshop:black_tile_roof_slab_ls", "uvlock": true },
        "facing=south,half=top,shape=inner_right": { "model": "ChineseWorkshop:black_tile_roof_slab_ls", "y": 270, "uvlock": true },
        "facing=north,half=top,shape=inner_right": { "model": "ChineseWorkshop:black_tile_roof_slab_ls", "y": 90, "uvlock": true },
        "facing=east,half=top,shape=inner_left":  { "model": "ChineseWorkshop:black_tile_roof_slab_ls", "y": 90, "uvlock": true },
        "facing=west,half=top,shape=inner_left":  { "model": "ChineseWorkshop:black_tile_roof_slab_ls", "y": 270, "uvlock": true },
        "facing=south,half=top,shape=inner_left": { "model": "ChineseWorkshop:black_tile_roof_slab_ls", "y": 180, "uvlock": true },
        "facing=north,half=top,shape=inner_left": { "model": "ChineseWorkshop:black_tile_roof_slab_ls", "uvlock": true }
    }
}
