{
    "variants": {
        "facing=east,half=lower,hinge=left,open=false":  { "model": "chineseworkshop:cw_door_bottom" },
        "facing=south,half=lower,hinge=left,open=false": { "model": "chineseworkshop:cw_door_bottom", "y": 90 },
        "facing=west,half=lower,hinge=left,open=false":  { "model": "chineseworkshop:cw_door_bottom", "y": 180 },
        "facing=north,half=lower,hinge=left,open=false": { "model": "chineseworkshop:cw_door_bottom", "y": 270 },
        "facing=east,half=lower,hinge=right,open=false":  { "model": "chineseworkshop:cw_door_bottoms", "y": 180 },
        "facing=south,half=lower,hinge=right,open=false": { "model": "chineseworkshop:cw_door_bottoms", "y": 270 },
        "facing=west,half=lower,hinge=right,open=false":  { "model": "chineseworkshop:cw_door_bottoms" },
        "facing=north,half=lower,hinge=right,open=false": { "model": "chineseworkshop:cw_door_bottoms", "y": 90 },
        "facing=east,half=lower,hinge=left,open=true":  { "model": "chineseworkshop:cw_door_bottom_rh", "y": 90 },
        "facing=south,half=lower,hinge=left,open=true": { "model": "chineseworkshop:cw_door_bottom_rh", "y": 180 },
        "facing=west,half=lower,hinge=left,open=true":  { "model": "chineseworkshop:cw_door_bottom_rh", "y": 270 },
        "facing=north,half=lower,hinge=left,open=true": { "model": "chineseworkshop:cw_door_bottom_rh" },
        "facing=east,half=lower,hinge=right,open=true":  { "model": "chineseworkshop:cw_door_bottom_rhs", "y": 90 },
        "facing=south,half=lower,hinge=right,open=true": { "model": "chineseworkshop:cw_door_bottom_rhs", "y": 180 },
        "facing=west,half=lower,hinge=right,open=true":  { "model": "chineseworkshop:cw_door_bottom_rhs", "y": 270 },
        "facing=north,half=lower,hinge=right,open=true": { "model": "chineseworkshop:cw_door_bottom_rhs" },
        "facing=east,half=upper,hinge=left,open=false":  { "model": "chineseworkshop:cw_door_top" },	
        "facing=south,half=upper,hinge=left,open=false": { "model": "chineseworkshop:cw_door_top", "y": 90 },
        "facing=west,half=upper,hinge=left,open=false":  { "model": "chineseworkshop:cw_door_top", "y": 180 },
        "facing=north,half=upper,hinge=left,open=false": { "model": "chineseworkshop:cw_door_top", "y": 270 },
        "facing=east,half=upper,hinge=right,open=false":  { "model": "chineseworkshop:cw_door_tops", "y": 180 },
        "facing=south,half=upper,hinge=right,open=false": { "model": "chineseworkshop:cw_door_tops", "y": 270 },
        "facing=west,half=upper,hinge=right,open=false":  { "model": "chineseworkshop:cw_door_tops" },	
        "facing=north,half=upper,hinge=right,open=false": { "model": "chineseworkshop:cw_door_tops", "y": 90 },
        "facing=east,half=upper,hinge=left,open=true":  { "model": "chineseworkshop:cw_door_top_rh", "y": 90 },
        "facing=south,half=upper,hinge=left,open=true": { "model": "chineseworkshop:cw_door_top_rh", "y": 180 },
        "facing=west,half=upper,hinge=left,open=true":  { "model": "chineseworkshop:cw_door_top_rh", "y": 270 },
        "facing=north,half=upper,hinge=left,open=true": { "model": "chineseworkshop:cw_door_top_rh" },
        "facing=east,half=upper,hinge=right,open=true":  { "model": "chineseworkshop:cw_door_top_rhs", "y": 90 },
        "facing=south,half=upper,hinge=right,open=true": { "model": "chineseworkshop:cw_door_top_rhs", "y": 180 },
        "facing=west,half=upper,hinge=right,open=true":  { "model": "chineseworkshop:cw_door_top_rhs", "y": 270 },
        "facing=north,half=upper,hinge=right,open=true": { "model": "chineseworkshop:cw_door_top_rhs" }
    }
}