{
    "forge_marker": 1,
    "defaults": {
        "model": "chineseworkshop:table_top",
        "uvlock": false
    },
    "variants": {
        "nw": {
            "true": {
                "submodel": {
                    "leg1": { "model": "chineseworkshop:table_leg1", "y": 180 }
                }
            },
            "false": {}
        },
        "ne": {
            "true": {
                "submodel": {
                    "leg2": { "model": "chineseworkshop:table_leg1", "y": 270 }
                }
            },
            "false": {}
        },
        "se": {
            "true": {
                "submodel": {
                    "leg3": { "model": "chineseworkshop:table_leg1", "y": 0 }
                }
            },
            "false": {}
        },
        "sw": {
            "true": {
                "submodel": {
                    "leg4": { "model": "chineseworkshop:table_leg1", "y": 90 }
                }
            },
            "false": {}
        }
    }
}
