{
    "__createdwith": "opl's Model Creator",
    "ambientocclusion": false,
    "textures": {
        "wood": "chineseworkshop:blocks/wood",
        "particle": "chineseworkshop:blocks/wood"
    },
	"display": {
        "gui": {	
            "rotation": [ 30, 225, 0 ],
            "translation": [ 0, 0, 0],
            "scale":[ 0.625, 0.625, 0.625 ]
        },
        "ground": {
            "rotation": [ 0, 0, 0 ],
            "translation": [ 0, 3, 0],
            "scale":[ 0.25, 0.25, 0.25 ]
        },
        "fixed": {
            "rotation": [ 0, 0, 0 ],
            "translation": [ 0, 0, 0],
            "scale":[ 0.5, 0.5, 0.5 ]
        },
        "thirdperson_righthand": {
            "rotation": [ 75, 45, 0 ],
            "translation": [ 0, 2.5, 0],
            "scale": [ 0.375, 0.375, 0.375 ]
        },
        "firstperson_righthand": {
            "rotation": [ 0, 45, 0 ],
            "translation": [ 0, 0, 0 ],
            "scale": [ 0.40, 0.40, 0.40 ]
        },
        "firstperson_lefthand": {
            "rotation": [ 0, 225, 0 ],
            "translation": [ 0, 0, 0 ],
            "scale": [ 0.40, 0.40, 0.40 ]
        }
},
    "elements": [
        {
            "from": [1,8,3],
            "to": [15,10,13],
            "faces": {
                "up": {
                    "uv": [0.0,0.0,16.0,11.0],
                    "texture": "#wood"
                },
                "down": {
                    "texture": "#wood"
                },
                "west": {
                    "texture": "#wood"
                },
                "east": {
                    "texture": "#wood"
                },
                "north": {
                    "texture": "#wood"
                },
                "south": {
                    "texture": "#wood"
                }
            }
        },
        {
            "from": [2,0,4],
            "to": [4,8,6],
            "faces": {
                "down": {
                    "uv": [1.0,3.0,2.0,4.0],
                    "texture": "#wood"
                },
                "west": {
                    "uv": [0.0,0.0,16.0,4.0],
                    "texture": "#wood",
                    "rotation": 90
                },
                "east": {
                    "uv": [0.0,8.0,16.0,12.0],
                    "texture": "#wood",
                    "rotation": 90
                },
                "north": {
                    "uv": [0.0,12.0,16.0,16.0],
                    "texture": "#wood",
                    "rotation": 90
                },
                "south": {
                    "uv": [0.0,4.0,16.0,8.0],
                    "texture": "#wood",
                    "rotation": 90
                }
            }
        },
        {
            "from": [2,0,10],
            "to": [4,8,12],
            "faces": {
                "down": {
                    "uv": [2.0,11.0,3.0,12.0],
                    "texture": "#wood"
                },
                "west": {
                    "uv": [0.0,4.0,16.0,8.0],
                    "texture": "#wood",
                    "rotation": 90
                },
                "east": {
                    "uv": [0.0,4.0,16.0,8.0],
                    "texture": "#wood",
                    "rotation": 90
                },
                "north": {
                    "uv": [0.0,4.0,16.0,8.0],
                    "texture": "#wood",
                    "rotation": 90
                },
                "south": {
                    "uv": [0.0,4.0,16.0,8.0],
                    "texture": "#wood",
                    "rotation": 90
                }
            }
        },
        {
            "from": [12,0,4],
            "to": [14,8,6],
            "faces": {
                "down": {
                    "uv": [12.0,3.0,13.0,4.0],
                    "texture": "#wood"
                },
                "west": {
                    "uv": [0.0,8.0,16.0,12.0],
                    "texture": "#wood",
                    "rotation": 90
                },
                "east": {
                    "uv": [0.0,4.0,16.0,8.0],
                    "texture": "#wood",
                    "rotation": 90
                },
                "north": {
                    "uv": [0.0,4.0,16.0,8.0],
                    "texture": "#wood",
                    "rotation": 90
                },
                "south": {
                    "uv": [0.0,8.0,16.0,12.0],
                    "texture": "#wood",
                    "rotation": 90
                }
            }
        },
        {
            "from": [12,0,10],
            "to": [14,8,12],
            "faces": {
                "down": {
                    "uv": [12.0,11.0,13.0,12.0],
                    "texture": "#wood"
                },
                "west": {
                    "uv": [0.0,8.0,16.0,12.0],
                    "texture": "#wood",
                    "rotation": 90
                },
                "east": {
                    "uv": [0.0,8.0,16.0,12.0],
                    "texture": "#wood",
                    "rotation": 90
                },
                "north": {
                    "uv": [0.0,4.0,16.0,8.0],
                    "texture": "#wood",
                    "rotation": 90
                },
                "south": {
                    "uv": [0.0,4.0,16.0,8.0],
                    "texture": "#wood",
                    "rotation": 90
                }
            }
        },
        {
            "from": [2,4,6],
            "to": [4,6,10],
            "faces": {
                "up": {
                    "uv": [2.0,9.0,8.0,11.0],
                    "texture": "#wood"
                },
                "down": {
                    "uv": [2.0,8.0,5.0,11.0],
                    "texture": "#wood"
                },
                "west": {
                    "uv": [0.0,7.0,16.0,11.0],
                    "texture": "#wood"
                },
                "east": {
                    "uv": [0.0,7.0,16.0,11.0],
                    "texture": "#wood"
                }
            }
        },
        {
            "from": [12,4,6],
            "to": [14,6,10],
            "faces": {
                "up": {
                    "uv": [5.0,9.0,12.0,11.0],
                    "texture": "#wood"
                },
                "down": {
                    "uv": [12.0,8.0,14.0,11.0],
                    "texture": "#wood"
                },
                "west": {
                    "uv": [0.0,7.0,16.0,11.0],
                    "texture": "#wood"
                },
                "east": {
                    "uv": [0.0,3.0,16.0,7.0],
                    "texture": "#wood"
                }
            }
        },
        {
            "from": [4,4,7],
            "to": [12,6,9],
            "faces": {
                "up": {
                    "uv": [4.0,8.0,12.0,10.0],
                    "texture": "#wood"
                },
                "down": {
                    "uv": [3.0,8.0,11.0,10.0],
                    "texture": "#wood"
                },
                "north": {
                    "uv": [0.0,7.0,16.0,11.0],
                    "texture": "#wood"
                },
                "south": {
                    "uv": [0.0,7.0,16.0,11.0],
                    "texture": "#wood"
                }
            }
        }
    ]
}