{
    "__createdwith": "opl's Model Creator",
    "ambientocclusion": false,
    "textures": {
        "particle": "chineseworkshop:blocks/black_tile_roof",
        "black_tile_roof": "chineseworkshop:blocks/black_tile_roof"
    },
    "elements": [
        {
            "from": [0,0,12],
            "to": [16,8,16],
            "faces": {
                "up": {
                    "uv": [0,3,14,7],
                    "texture": "#black_tile_roof"
                },
                "down": {
                    "uv": [0,0,1,1],
                    "texture": "#black_tile_roof"
                },
                "west": {
                    "uv": [0,8,1,9],
                    "texture": "#black_tile_roof"
                },
                "east": {
                    "uv": [0,0,1,1],
                    "texture": "#black_tile_roof"
                },
                "north": {
                    "uv": [0,0,16,8],
                    "texture": "#black_tile_roof"
                },
                "south": {
                    "uv": [0,8,1,9],
                    "texture": "#black_tile_roof"
                }
            }
        },
        {
            "from": [5,0,8],
            "to": [16,6,12],
            "faces": {
                "up": {
                    "uv": [3,0,15,4],
                    "texture": "#black_tile_roof"
                },
                "down": {
                    "uv": [0,0,1,1],
                    "texture": "#black_tile_roof"
                },
                "east": {
                    "uv": [0,0,1,1],
                    "texture": "#black_tile_roof"
                },
                "north": {
                    "uv": [0,0,11,6],
                    "texture": "#black_tile_roof"
                }
            }
        },
        {
            "from": [9,0,4],
            "to": [16,4,8],
            "faces": {
                "up": {
                    "uv": [8,2,11,4],
                    "texture": "#black_tile_roof"
                },
                "down": {
                    "uv": [0,0,1,1],
                    "texture": "#black_tile_roof"
                },
                "east": {
                    "uv": [0,0,1,1],
                    "texture": "#black_tile_roof"
                },
                "north": {
                    "texture": "#black_tile_roof"
                }
            }
        },
        {
            "from": [12,0,0],
            "to": [16,2,4],
            "faces": {
                "up": {
                    "uv": [6,1,8,3],
                    "texture": "#black_tile_roof"
                },
                "down": {
                    "uv": [0,0,1,1],
                    "texture": "#black_tile_roof"
                },
                "east": {
                    "uv": [0,0,1,1],
                    "texture": "#black_tile_roof"
                },
                "north": {
                    "uv": [0,0,1,1],
                    "texture": "#black_tile_roof"
                }
            }
        },
        {
            "from": [1,0,11],
            "to": [5,9,15],
            "faces": {
                "up": {
                    "uv": [7,7,11,11],
                    "texture": "#black_tile_roof",
                    "rotation": 90
                },
                "down": {
                    "uv": [0,0,1,1],
                    "texture": "#black_tile_roof"
                },
                "west": {
                    "uv": [3,4,5,13],
                    "texture": "#black_tile_roof"
                },
                "east": {
                    "uv": [5,0,7,9],
                    "texture": "#black_tile_roof"
                },
                "north": {
                    "uv": [8,7,15,16],
                    "texture": "#black_tile_roof",
                    "rotation": 90
                },
                "south": {
                    "uv": [1,2,5,11],
                    "texture": "#black_tile_roof"
                }
            }
        },
        {
            "from": [5,0,7],
            "to": [9,7,11],
            "faces": {
                "up": {
                    "uv": [7,7,11,11],
                    "texture": "#black_tile_roof",
                    "rotation": 90
                },
                "down": {
                    "uv": [0,0,1,1],
                    "texture": "#black_tile_roof"
                },
                "west": {
                    "texture": "#black_tile_roof"
                },
                "east": {
                    "uv": [9,8,13,15],
                    "texture": "#black_tile_roof"
                },
                "north": {
                    "uv": [8,7,14,16],
                    "texture": "#black_tile_roof",
                    "rotation": 90
                }
            }
        },
        {
            "from": [9,0,3],
            "to": [13,5,7],
            "faces": {
                "up": {
                    "uv": [7,7,11,11],
                    "texture": "#black_tile_roof",
                    "rotation": 90
                },
                "down": {
                    "uv": [0,0,1,1],
                    "texture": "#black_tile_roof"
                },
                "west": {
                    "texture": "#black_tile_roof"
                },
                "east": {
                    "texture": "#black_tile_roof"
                },
                "north": {
                    "uv": [8,7,14,16],
                    "texture": "#black_tile_roof",
                    "rotation": 90
                }
            }
        },
        {
            "from": [0,0,0],
            "to": [4,8,14],
            "faces": {
                "up": {
                    "uv": [7,0,11,7],
                    "texture": "#black_tile_roof"
                },
                "down": {
                    "uv": [0,0,1,1],
                    "texture": "#black_tile_roof"
                },
                "west": {
                    "uv": [0,8,1,9],
                    "texture": "#black_tile_roof"
                },
                "east": {
                    "uv": [0,0,14,8],
                    "texture": "#black_tile_roof"
                },
                "north": {
                    "uv": [0,0,1,1],
                    "texture": "#black_tile_roof"
                }
            }
        },
        {
            "from": [4,0,0],
            "to": [8,6,11],
            "faces": {
                "up": {
                    "uv": [14,2,2,6],
                    "texture": "#black_tile_roof",
                    "rotation": 90
                },
                "down": {
                    "uv": [0,0,1,1],
                    "texture": "#black_tile_roof"
                },
                "east": {
                    "uv": [0,0,11,6],
                    "texture": "#black_tile_roof"
                },
                "north": {
                    "uv": [0,0,1,1],
                    "texture": "#black_tile_roof"
                }
            }
        },
        {
            "from": [8,0,0],
            "to": [12,4,7],
            "faces": {
                "up": {
                    "texture": "#black_tile_roof"
                },
                "down": {
                    "uv": [0,0,1,1],
                    "texture": "#black_tile_roof"
                },
                "east": {
                    "texture": "#black_tile_roof"
                },
                "north": {
                    "uv": [0,0,1,1],
                    "texture": "#black_tile_roof"
                }
            }
        }
    ]
}