{
    "__createdwith": "opl's Model Creator",
    "ambientocclusion": false,
    "textures": {
        "black_tile_roof": "chineseworkshop:blocks/black_tile_roof",
        "white_gray_walls": "chineseworkshop:blocks/white_gray_walls",
        "particle": "chineseworkshop:blocks/black_tile_roof"
    },
	"display": {
        "gui": {	
            "rotation": [ 30, 225, 0 ],
            "translation": [ 0, 0, 0],
            "scale":[ 0.525, 0.525, 0.525 ]
        },
        "ground": {
            "rotation": [ 0, 0, 0 ],
            "translation": [ 0, 3, 0],
            "scale":[ 0.25, 0.25, 0.25 ]
        },
        "fixed": {
            "rotation": [ 0, 0, 0 ],
            "translation": [ 0, 0, 0],
            "scale":[ 0.5, 0.5, 0.5 ]
        },
        "thirdperson_righthand": {
            "rotation": [ 75, 45, 0 ],
            "translation": [ 0, 2.5, 0],
            "scale": [ 0.375, 0.375, 0.375 ]
        },
        "firstperson_righthand": {
            "rotation": [ 0, 45, 0 ],
            "translation": [ 0, 0, 0 ],
            "scale": [ 0.40, 0.40, 0.40 ]
        },
        "firstperson_lefthand": {
            "rotation": [ 0, 225, 0 ],
            "translation": [ 0, 0, 0 ],
            "scale": [ 0.40, 0.40, 0.40 ]
        }
},
    "elements": [
        {
            "from": [0,13,0],
            "to": [2,17,3],
            "faces": {
                "up": {
                    "uv": [7,11,11,7],
                    "texture": "#black_tile_roof"
                },
                "down": {
                    "uv": [0,0,1,1],
                    "texture": "#black_tile_roof"
                },
                "west": {
                    "uv": [0,0,1,1],
                    "texture": "#black_tile_roof"
                },
                "east": {
                    "uv": [0,0,1,1],
                    "texture": "#black_tile_roof"
                },
                "north": {
                    "uv": [0,0,1,1],
                    "texture": "#black_tile_roof"
                },
                "south": {
                    "uv": [7,8,11,12],
                    "texture": "#black_tile_roof"
                }
            }
        },
        {
            "from": [2,14,0],
            "to": [4,17,3],
            "faces": {
                "up": {
                    "uv": [4,11,8,7],
                    "texture": "#black_tile_roof"
                },
                "down": {
                    "texture": "#black_tile_roof"
                },
                "east": {
                    "uv": [0,0,1,1],
                    "texture": "#black_tile_roof"
                },
                "north": {
                    "uv": [0,0,1,1],
                    "texture": "#black_tile_roof"
                },
                "south": {
                    "uv": [4,8,8,12],
                    "texture": "#black_tile_roof"
                }
            }
        },
        {
            "from": [2,13,3],
            "to": [4,15,5],
            "faces": {
                "up": {
                    "uv": [3,8,8,13],
                    "texture": "#black_tile_roof"
                },
                "down": {
                    "texture": "#black_tile_roof"
                },
                "east": {
                    "texture": "#black_tile_roof"
                },
                "north": {
                    "uv": [7,8,12,13],
                    "texture": "#black_tile_roof"
                },
                "south": {
                    "uv": [4,8,8,12],
                    "texture": "#black_tile_roof"
                }
            }
        },
        {
            "from": [0,11,3],
            "to": [2,15,5],
            "faces": {
                "up": {
                    "uv": [7,8,11,15],
                    "texture": "#black_tile_roof"
                },
                "down": {
                    "uv": [0,0,1,1],
                    "texture": "#black_tile_roof"
                },
                "west": {
                    "uv": [0,0,1,1],
                    "texture": "#black_tile_roof"
                },
                "east": {
                    "uv": [0,0,1,1],
                    "texture": "#black_tile_roof"
                },
                "north": {
                    "uv": [4,8,8,15],
                    "texture": "#black_tile_roof"
                },
                "south": {
                    "uv": [7,8,11,12],
                    "texture": "#black_tile_roof"
                }
            }
        },
        {
            "from": [0,9,5],
            "to": [2,13,7],
            "faces": {
                "up": {
                    "uv": [7,12,11,7],
                    "texture": "#black_tile_roof"
                },
                "down": {
                    "uv": [0,0,1,1],
                    "texture": "#black_tile_roof"
                },
                "west": {
                    "uv": [0,0,1,1],
                    "texture": "#black_tile_roof"
                },
                "east": {
                    "uv": [0,0,1,1],
                    "texture": "#black_tile_roof"
                },
                "north": {
                    "uv": [4,8,8,15],
                    "texture": "#black_tile_roof"
                },
                "south": {
                    "uv": [7,8,11,12],
                    "texture": "#black_tile_roof"
                }
            }
        },
        {
            "from": [2,11,5],
            "to": [4,13,7],
            "faces": {
                "up": {
                    "uv": [3,12,8,7],
                    "texture": "#black_tile_roof"
                },
                "down": {
                    "texture": "#black_tile_roof"
                },
                "east": {
                    "texture": "#black_tile_roof"
                },
                "north": {
                    "uv": [7,9,12,14],
                    "texture": "#black_tile_roof"
                },
                "south": {
                    "uv": [4,8,8,12],
                    "texture": "#black_tile_roof"
                }
            }
        },
        {
            "from": [2,9,7],
            "to": [4,11,9],
            "faces": {
                "up": {
                    "uv": [3,8,8,13],
                    "texture": "#black_tile_roof"
                },
                "down": {
                    "uv": [3,4,5,6],
                    "texture": "#black_tile_roof"
                },
                "east": {
                    "texture": "#black_tile_roof"
                },
                "north": {
                    "uv": [7,8,12,13],
                    "texture": "#black_tile_roof"
                },
                "south": {
                    "uv": [4,8,8,12],
                    "texture": "#black_tile_roof"
                }
            }
        },
        {
            "from": [0,7,7],
            "to": [2,11,9],
            "faces": {
                "up": {
                    "uv": [7,9,11,13],
                    "texture": "#black_tile_roof"
                },
                "down": {
                    "uv": [0,0,1,1],
                    "texture": "#black_tile_roof"
                },
                "west": {
                    "uv": [0,0,1,1],
                    "texture": "#black_tile_roof"
                },
                "east": {
                    "uv": [0,0,1,1],
                    "texture": "#black_tile_roof"
                },
                "north": {
                    "uv": [4,8,8,15],
                    "texture": "#black_tile_roof"
                },
                "south": {
                    "uv": [7,9,11,13],
                    "texture": "#black_tile_roof"
                }
            }
        },
        {
            "from": [2,7,9],
            "to": [4,9,11],
            "faces": {
                "up": {
                    "uv": [4,11,8,7],
                    "texture": "#black_tile_roof"
                },
                "down": {
                    "texture": "#black_tile_roof"
                },
                "east": {
                    "uv": [5,4,7,6],
                    "texture": "#black_tile_roof"
                },
                "north": {
                    "uv": [7,8,11,12],
                    "texture": "#black_tile_roof"
                },
                "south": {
                    "uv": [4,8,8,12],
                    "texture": "#black_tile_roof"
                }
            }
        },
        {
            "from": [0,5,9],
            "to": [2,9,11],
            "faces": {
                "up": {
                    "uv": [7,11,11,7],
                    "texture": "#black_tile_roof"
                },
                "down": {
                    "uv": [0,0,1,1],
                    "texture": "#black_tile_roof"
                },
                "west": {
                    "uv": [0,0,1,1],
                    "texture": "#black_tile_roof"
                },
                "east": {
                    "uv": [0,0,1,1],
                    "texture": "#black_tile_roof"
                },
                "north": {
                    "uv": [4,8,8,15],
                    "texture": "#black_tile_roof"
                },
                "south": {
                    "uv": [7,9,11,13],
                    "texture": "#black_tile_roof"
                }
            }
        },
        {
            "from": [0,3,11],
            "to": [2,7,13],
            "faces": {
                "up": {
                    "uv": [7,9,11,13],
                    "texture": "#black_tile_roof"
                },
                "down": {
                    "uv": [0,0,1,1],
                    "texture": "#black_tile_roof"
                },
                "west": {
                    "uv": [0,0,1,1],
                    "texture": "#black_tile_roof"
                },
                "east": {
                    "uv": [0,0,1,1],
                    "texture": "#black_tile_roof"
                },
                "north": {
                    "uv": [4,9,8,13],
                    "texture": "#black_tile_roof"
                },
                "south": {
                    "uv": [7,8,11,12],
                    "texture": "#black_tile_roof"
                }
            }
        },
        {
            "from": [2,5,11],
            "to": [4,7,13],
            "faces": {
                "up": {
                    "uv": [4,8,8,12],
                    "texture": "#black_tile_roof"
                },
                "down": {
                    "texture": "#black_tile_roof"
                },
                "east": {
                    "texture": "#black_tile_roof"
                },
                "north": {
                    "uv": [7,9,11,13],
                    "texture": "#black_tile_roof"
                },
                "south": {
                    "uv": [4,8,8,12],
                    "texture": "#black_tile_roof"
                }
            }
        },
        {
            "from": [0,1,13],
            "to": [2,5,15],
            "faces": {
                "up": {
                    "uv": [7,11,11,7],
                    "texture": "#black_tile_roof"
                },
                "down": {
                    "uv": [0,0,1,1],
                    "texture": "#black_tile_roof"
                },
                "west": {
                    "uv": [0,0,1,1],
                    "texture": "#black_tile_roof"
                },
                "east": {
                    "uv": [0,0,1,1],
                    "texture": "#black_tile_roof"
                },
                "north": {
                    "uv": [4,8,8,13],
                    "texture": "#black_tile_roof"
                },
                "south": {
                    "uv": [7,8,11,12],
                    "texture": "#black_tile_roof"
                }
            }
        },
        {
            "from": [2,3,13],
            "to": [4,5,15],
            "faces": {
                "up": {
                    "uv": [4,11,8,7],
                    "texture": "#black_tile_roof"
                },
                "down": {
                    "texture": "#black_tile_roof"
                },
                "east": {
                    "texture": "#black_tile_roof"
                },
                "north": {
                    "uv": [7,8,11,12],
                    "texture": "#black_tile_roof"
                },
                "south": {
                    "uv": [4,8,8,12],
                    "texture": "#black_tile_roof"
                }
            }
        },
        {
            "from": [0,0,15],
            "to": [2,3,17],
            "faces": {
                "up": {
                    "uv": [7,9,11,13],
                    "texture": "#black_tile_roof"
                },
                "down": {
                    "uv": [0,0,1,1],
                    "texture": "#black_tile_roof"
                },
                "west": {
                    "uv": [0,0,1,1],
                    "texture": "#black_tile_roof"
                },
                "east": {
                    "uv": [0,0,1,1],
                    "texture": "#black_tile_roof"
                },
                "north": {
                    "uv": [4,10,8,15],
                    "texture": "#black_tile_roof"
                },
                "south": {
                    "uv": [7,8,11,12],
                    "texture": "#black_tile_roof"
                }
            }
        },
        {
            "from": [2,1,15],
            "to": [4,3,17],
            "faces": {
                "up": {
                    "uv": [4,8,8,12],
                    "texture": "#black_tile_roof"
                },
                "down": {
                    "uv": [2,2,4,4],
                    "texture": "#black_tile_roof"
                },
                "east": {
                    "uv": [0,0,1,1],
                    "texture": "#black_tile_roof"
                },
                "north": {
                    "uv": [7,8,11,12],
                    "texture": "#black_tile_roof"
                },
                "south": {
                    "uv": [4,8,8,12],
                    "texture": "#black_tile_roof"
                }
            }
        },
        {
            "from": [0,0,0],
            "to": [1,13,3],
            "faces": {
                "down": {
                    "uv": [0,0,1,1],
                    "texture": "#black_tile_roof"
                },
                "west": {
                    "uv": [0,0,1,1],
                    "texture": "#black_tile_roof"
                },
                "east": {
                    "texture": "#white_gray_walls"
                },
                "north": {
                    "uv": [0,0,1,1],
                    "texture": "#black_tile_roof"
                },
                "south": {
                    "uv": [0,0,1,1],
                    "texture": "#black_tile_roof"
                }
            }
        },
        {
            "from": [0,0,3],
            "to": [1,11,5],
            "faces": {
                "down": {
                    "uv": [0,0,1,1],
                    "texture": "#black_tile_roof"
                },
                "west": {
                    "uv": [0,0,1,1],
                    "texture": "#black_tile_roof"
                },
                "east": {
                    "texture": "#white_gray_walls"
                }
            }
        },
        {
            "from": [0,0,5],
            "to": [1,9,7],
            "faces": {
                "down": {
                    "uv": [0,0,1,1],
                    "texture": "#black_tile_roof"
                },
                "west": {
                    "uv": [0,0,1,1],
                    "texture": "#black_tile_roof"
                },
                "east": {
                    "texture": "#white_gray_walls"
                }
            }
        },
        {
            "from": [0,0,7],
            "to": [1,7,9],
            "faces": {
                "down": {
                    "uv": [0,0,1,1],
                    "texture": "#black_tile_roof"
                },
                "west": {
                    "uv": [0,0,1,1],
                    "texture": "#black_tile_roof"
                },
                "east": {
                    "texture": "#white_gray_walls"
                }
            }
        },
        {
            "from": [0,0,9],
            "to": [1,5,11],
            "faces": {
                "down": {
                    "uv": [0,0,1,2],
                    "texture": "#black_tile_roof"
                },
                "west": {
                    "uv": [0,0,1,1],
                    "texture": "#black_tile_roof"
                },
                "east": {
                    "texture": "#white_gray_walls"
                }
            }
        },
        {
            "from": [0,0,11],
            "to": [1,3,13],
            "faces": {
                "down": {
                    "uv": [0,3,1,5],
                    "texture": "#black_tile_roof"
                },
                "west": {
                    "uv": [0,0,1,1],
                    "texture": "#black_tile_roof"
                },
                "east": {
                    "texture": "#white_gray_walls"
                }
            }
        },
        {
            "from": [0,0,13],
            "to": [1,1,15],
            "faces": {
                "down": {
                    "uv": [0,0,1,2],
                    "texture": "#black_tile_roof"
                },
                "west": {
                    "uv": [0,0,1,1],
                    "texture": "#black_tile_roof"
                },
                "east": {
                    "texture": "#white_gray_walls"
                }
            }
        },
        {
            "from": [3,15,0],
            "to": [7,19,2],
            "faces": {
                "up": {
                    "texture": "#black_tile_roof"
                },
                "down": {
                    "uv": [3,1,7,3],
                    "texture": "#black_tile_roof"
                },
                "west": {
                    "uv": [2,2,4,6],
                    "texture": "#black_tile_roof"
                },
                "east": {
                    "texture": "#black_tile_roof"
                },
                "north": {
                    "uv": [0,0,1,1],
                    "texture": "#black_tile_roof"
                },
                "south": {
                    "uv": [0,0,1,1],
                    "texture": "#black_tile_roof"
                }
            }
        },
        {
            "from": [6,16,0],
            "to": [10,20,2],
            "faces": {
                "up": {
                    "texture": "#black_tile_roof"
                },
                "down": {
                    "texture": "#black_tile_roof"
                },
                "west": {
                    "uv": [3,2,5,6],
                    "texture": "#black_tile_roof"
                },
                "east": {
                    "uv": [3,2,5,6],
                    "texture": "#black_tile_roof"
                },
                "north": {
                    "uv": [0,0,1,1],
                    "texture": "#black_tile_roof"
                },
                "south": {
                    "uv": [0,0,1,1],
                    "texture": "#black_tile_roof"
                }
            }
        },
        {
            "from": [9,18,0],
            "to": [13,22,2],
            "faces": {
                "up": {
                    "texture": "#black_tile_roof"
                },
                "down": {
                    "texture": "#black_tile_roof"
                },
                "west": {
                    "uv": [3,1,5,5],
                    "texture": "#black_tile_roof"
                },
                "east": {
                    "uv": [7,2,9,6],
                    "texture": "#black_tile_roof"
                },
                "north": {
                    "uv": [0,0,1,1],
                    "texture": "#black_tile_roof"
                },
                "south": {
                    "uv": [0,0,1,1],
                    "texture": "#black_tile_roof"
                }
            }
        },
        {
            "from": [12,21,0],
            "to": [16,25,2],
            "faces": {
                "up": {
                    "uv": [7,1,11,3],
                    "texture": "#black_tile_roof"
                },
                "down": {
                    "texture": "#black_tile_roof"
                },
                "west": {
                    "uv": [4,1,6,5],
                    "texture": "#black_tile_roof"
                },
                "east": {
                    "uv": [0,0,2,5],
                    "texture": "#black_tile_roof"
                },
                "north": {
                    "uv": [0,0,1,1],
                    "texture": "#black_tile_roof"
                },
                "south": {
                    "uv": [0,0,1,1],
                    "texture": "#black_tile_roof"
                }
            }
        },
        {
            "from": [15,24,0],
            "to": [17,28,2],
            "faces": {
                "up": {
                    "uv": [10,2,12,4],
                    "texture": "#black_tile_roof"
                },
                "down": {
                    "uv": [9,3,11,5],
                    "texture": "#black_tile_roof"
                },
                "west": {
                    "uv": [3,0,5,4],
                    "texture": "#black_tile_roof"
                },
                "east": {
                    "uv": [0,0,2,4],
                    "texture": "#black_tile_roof"
                },
                "north": {
                    "uv": [0,0,1,1],
                    "texture": "#black_tile_roof"
                },
                "south": {
                    "uv": [0,0,1,1],
                    "texture": "#black_tile_roof"
                }
            }
        }
    ]
}