{
    "__createdwith": "opl's Model Creator",
    "ambientocclusion": false,
    "textures": {
        "particle": "chineseworkshop:blocks/black_tile_roof",
        "black_tile_roof": "chineseworkshop:blocks/black_tile_roof"
    },
	"display": {
        "gui": {	
            "rotation": [ 30, 225, 0 ],
            "translation": [ 0, 0, 0],
            "scale":[ 0.625, 0.625, 0.625 ]
        },
        "ground": {
            "rotation": [ 0, 0, 0 ],
            "translation": [ 0, 3, 0],
            "scale":[ 0.25, 0.25, 0.25 ]
        },
        "fixed": {
            "rotation": [ 0, 0, 0 ],
            "translation": [ 0, 0, 0],
            "scale":[ 0.5, 0.5, 0.5 ]
        },
        "thirdperson_righthand": {
            "rotation": [ 75, 45, 0 ],
            "translation": [ 0, 2.5, 0],
            "scale": [ 0.375, 0.375, 0.375 ]
        },
        "firstperson_righthand": {
            "rotation": [ 0, 45, 0 ],
            "translation": [ 0, 0, 0 ],
            "scale": [ 0.40, 0.40, 0.40 ]
        },
        "firstperson_lefthand": {
            "rotation": [ 0, 225, 0 ],
            "translation": [ 0, 0, 0 ],
            "scale": [ 0.40, 0.40, 0.40 ]
        }
},
    "elements": [
        {
            "from": [2,0,0],
            "to": [14,2,2],
            "faces": {
                "up": {
                    "uv": [2,0,9,6],
                    "texture": "#black_tile_roof"
                },
                "down": {
                    "uv": [0,0,1,1],
                    "texture": "#black_tile_roof"
                },
                "west": {
                    "uv": [0,0,1,1],
                    "texture": "#black_tile_roof"
                },
                "east": {
                    "uv": [0,0,1,1],
                    "texture": "#black_tile_roof"
                },
                "north": {
                    "uv": [0,4,12,6],
                    "texture": "#black_tile_roof"
                },
                "south": {
                    "uv": [0,4,12,6],
                    "texture": "#black_tile_roof"
                }
            }
        },
        {
            "from": [14,0,-1],
            "to": [16,3,1],
            "faces": {
                "up": {
                    "uv": [7,8,11,12],
                    "texture": "#black_tile_roof"
                },
                "down": {
                    "uv": [0,0,1,1],
                    "texture": "#black_tile_roof"
                },
                "west": {
                    "uv": [3,11,5,14],
                    "texture": "#black_tile_roof"
                },
                "east": {
                    "uv": [0,0,1,1],
                    "texture": "#black_tile_roof"
                },
                "north": {
                    "uv": [4,8,8,13],
                    "texture": "#black_tile_roof"
                }
            }
        },
        {
            "from": [14,0,1],
            "to": [16,5,3],
            "faces": {
                "up": {
                    "uv": [7,9,11,13],
                    "texture": "#black_tile_roof"
                },
                "down": {
                    "uv": [0,0,1,1],
                    "texture": "#black_tile_roof"
                },
                "west": {
                    "texture": "#black_tile_roof"
                },
                "east": {
                    "uv": [0,0,1,1],
                    "texture": "#black_tile_roof"
                },
                "north": {
                    "uv": [4,8,8,13],
                    "texture": "#black_tile_roof"
                }
            }
        },
        {
            "from": [14,0,3],
            "to": [16,7,5],
            "faces": {
                "up": {
                    "uv": [7,8,11,12],
                    "texture": "#black_tile_roof"
                },
                "down": {
                    "uv": [0,0,1,1],
                    "texture": "#black_tile_roof"
                },
                "west": {
                    "texture": "#black_tile_roof"
                },
                "east": {
                    "uv": [0,0,1,1],
                    "texture": "#black_tile_roof"
                },
                "north": {
                    "uv": [4,8,8,14],
                    "texture": "#black_tile_roof"
                }
            }
        },
        {
            "from": [14,0,5],
            "to": [16,9,7],
            "faces": {
                "up": {
                    "uv": [7,8,11,12],
                    "texture": "#black_tile_roof"
                },
                "down": {
                    "uv": [0,0,1,1],
                    "texture": "#black_tile_roof"
                },
                "west": {
                    "uv": [4,2,6,11],
                    "texture": "#black_tile_roof"
                },
                "east": {
                    "uv": [0,0,1,1],
                    "texture": "#black_tile_roof"
                },
                "north": {
                    "uv": [4,9,8,14],
                    "texture": "#black_tile_roof"
                }
            }
        },
        {
            "from": [0,0,7],
            "to": [16,11,9],
            "faces": {
                "up": {
                    "uv": [0,7,1,8],
                    "texture": "#black_tile_roof"
                },
                "down": {
                    "uv": [0,0,1,1],
                    "texture": "#black_tile_roof"
                },
                "west": {
                    "uv": [0,0,1,1],
                    "texture": "#black_tile_roof"
                },
                "east": {
                    "uv": [0,0,1,1],
                    "texture": "#black_tile_roof"
                },
                "north": {
                    "uv": [0,15,1,16],
                    "texture": "#black_tile_roof",
                    "rotation": 90
                },
                "south": {
                    "uv": [0,15,1,16],
                    "texture": "#black_tile_roof"
                }
            }
        },
        {
            "from": [2,0,2],
            "to": [14,4,4],
            "faces": {
                "up": {
                    "texture": "#black_tile_roof"
                },
                "down": {
                    "uv": [0,0,1,1],
                    "texture": "#black_tile_roof"
                },
                "west": {
                    "uv": [0,0,1,1],
                    "texture": "#black_tile_roof"
                },
                "east": {
                    "uv": [0,0,1,1],
                    "texture": "#black_tile_roof"
                },
                "north": {
                    "uv": [1,1,14,5],
                    "texture": "#black_tile_roof"
                },
                "south": {
                    "texture": "#black_tile_roof"
                }
            }
        },
        {
            "from": [2,0,4],
            "to": [14,6,7],
            "faces": {
                "up": {
                    "texture": "#black_tile_roof"
                },
                "down": {
                    "uv": [0,0,1,1],
                    "texture": "#black_tile_roof"
                },
                "west": {
                    "uv": [0,0,1,1],
                    "texture": "#black_tile_roof"
                },
                "east": {
                    "uv": [0,0,1,1],
                    "texture": "#black_tile_roof"
                },
                "north": {
                    "uv": [0,0,11,6],
                    "texture": "#black_tile_roof"
                },
                "south": {
                    "texture": "#black_tile_roof"
                }
            }
        },
        {
            "from": [9,6,9],
            "to": [16,8,10],
            "faces": {
                "up": {
                    "texture": "#black_tile_roof"
                },
                "west": {
                    "uv": [0,0,1,1],
                    "texture": "#black_tile_roof"
                },
                "east": {
                    "uv": [0,0,1,1],
                    "texture": "#black_tile_roof"
                },
                "north": {
                    "texture": "#black_tile_roof"
                },
                "south": {
                    "texture": "#black_tile_roof"
                }
            }
        },
        {
            "from": [7,0,9],
            "to": [9,11,16],
            "faces": {
                "up": {
                    "uv": [0,7,1,8],
                    "texture": "#black_tile_roof"
                },
                "down": {
                    "uv": [0,0,1,1],
                    "texture": "#black_tile_roof"
                },
                "west": {
                    "uv": [2,7,3,8],
                    "texture": "#black_tile_roof"
                },
                "east": {
                    "uv": [2,7,3,8],
                    "texture": "#black_tile_roof"
                },
                "north": {
                    "uv": [0,15,1,16],
                    "texture": "#black_tile_roof"
                },
                "south": {
                    "uv": [0,0,1,1],
                    "texture": "#black_tile_roof"
                }
            }
        },
        {
            "from": [14,0,14],
            "to": [16,2,16],
            "faces": {
                "up": {
                    "uv": [5,1,9,3],
                    "texture": "#black_tile_roof"
                },
                "down": {
                    "uv": [0,0,1,1],
                    "texture": "#black_tile_roof"
                },
                "east": {
                    "uv": [0,0,1,1],
                    "texture": "#black_tile_roof"
                },
                "south": {
                    "uv": [0,0,1,1],
                    "texture": "#black_tile_roof"
                }
            }
        },
        {
            "from": [12,0,14],
            "to": [14,4,16],
            "faces": {
                "up": {
                    "uv": [6,3,9,5],
                    "texture": "#black_tile_roof"
                },
                "down": {
                    "uv": [0,0,1,1],
                    "texture": "#black_tile_roof"
                },
                "west": {
                    "texture": "missingtexture"
                },
                "east": {
                    "texture": "#black_tile_roof"
                },
                "north": {
                    "texture": "missingtexture"
                },
                "south": {
                    "uv": [0,0,1,1],
                    "texture": "#black_tile_roof"
                }
            }
        },
        {
            "from": [9,0,12],
            "to": [12,6,16],
            "faces": {
                "up": {
                    "uv": [7,0,8,4],
                    "texture": "#black_tile_roof"
                },
                "down": {
                    "uv": [0,0,1,1],
                    "texture": "#black_tile_roof"
                },
                "west": {
                    "texture": "missingtexture"
                },
                "east": {
                    "texture": "#black_tile_roof"
                },
                "south": {
                    "uv": [0,0,1,1],
                    "texture": "#black_tile_roof"
                }
            }
        },
        {
            "from": [9,0,9],
            "to": [16,6,12],
            "faces": {
                "up": {
                    "texture": "#black_tile_roof"
                },
                "down": {
                    "uv": [0,0,1,1],
                    "texture": "#black_tile_roof"
                },
                "east": {
                    "uv": [0,0,1,1],
                    "texture": "#black_tile_roof"
                },
                "south": {
                    "texture": "#black_tile_roof"
                }
            }
        },
        {
            "from": [12,0,12],
            "to": [16,4,14],
            "faces": {
                "up": {
                    "texture": "#black_tile_roof"
                },
                "down": {
                    "uv": [0,0,1,1],
                    "texture": "#black_tile_roof"
                },
                "east": {
                    "uv": [0,0,1,1],
                    "texture": "#black_tile_roof"
                },
                "south": {
                    "texture": "#black_tile_roof"
                }
            }
        },
        {
            "from": [9,6,10],
            "to": [10,8,16],
            "faces": {
                "up": {
                    "uv": [7,0,8,6],
                    "texture": "#black_tile_roof"
                },
                "east": {
                    "uv": [3,1,9,3],
                    "texture": "#black_tile_roof"
                },
                "south": {
                    "uv": [8,3,9,5],
                    "texture": "#black_tile_roof"
                }
            }
        },
        {
            "from": [0,0,5],
            "to": [2,9,7],
            "faces": {
                "up": {
                    "uv": [4,8,8,12],
                    "texture": "#black_tile_roof"
                },
                "down": {
                    "uv": [0,0,1,1],
                    "texture": "#black_tile_roof"
                },
                "west": {
                    "uv": [0,0,1,1],
                    "texture": "#black_tile_roof"
                },
                "east": {
                    "uv": [2,0,5,5],
                    "texture": "#black_tile_roof"
                },
                "north": {
                    "uv": [7,9,11,14],
                    "texture": "#black_tile_roof"
                }
            }
        },
        {
            "from": [0,0,3],
            "to": [2,7,5],
            "faces": {
                "up": {
                    "uv": [4,8,8,12],
                    "texture": "#black_tile_roof"
                },
                "down": {
                    "uv": [0,0,1,1],
                    "texture": "#black_tile_roof"
                },
                "west": {
                    "uv": [0,0,1,1],
                    "texture": "#black_tile_roof"
                },
                "east": {
                    "uv": [3,1,7,6],
                    "texture": "#black_tile_roof"
                },
                "north": {
                    "uv": [7,8,11,14],
                    "texture": "#black_tile_roof"
                }
            }
        },
        {
            "from": [0,0,1],
            "to": [2,5,3],
            "faces": {
                "up": {
                    "uv": [4,9,8,13],
                    "texture": "#black_tile_roof"
                },
                "down": {
                    "uv": [0,0,1,1],
                    "texture": "#black_tile_roof"
                },
                "west": {
                    "uv": [0,0,1,1],
                    "texture": "#black_tile_roof"
                },
                "east": {
                    "uv": [3,1,6,6],
                    "texture": "#black_tile_roof"
                },
                "north": {
                    "uv": [7,8,11,13],
                    "texture": "#black_tile_roof"
                }
            }
        },
        {
            "from": [0,0,-1],
            "to": [2,3,1],
            "faces": {
                "up": {
                    "uv": [4,8,8,12],
                    "texture": "#black_tile_roof"
                },
                "down": {
                    "uv": [0,0,1,1],
                    "texture": "#black_tile_roof"
                },
                "west": {
                    "uv": [0,0,1,1],
                    "texture": "#black_tile_roof"
                },
                "east": {
                    "uv": [4,2,6,5],
                    "texture": "#black_tile_roof"
                },
                "north": {
                    "uv": [7,8,11,13],
                    "texture": "#black_tile_roof"
                }
            }
        },
        {
            "from": [0,0,9],
            "to": [7,6,12],
            "faces": {
                "up": {
                    "texture": "#black_tile_roof"
                },
                "down": {
                    "uv": [0,0,1,1],
                    "texture": "#black_tile_roof"
                },
                "west": {
                    "uv": [0,0,1,1],
                    "texture": "#black_tile_roof"
                },
                "east": {
                    "uv": [0,0,1,1],
                    "texture": "#black_tile_roof"
                },
                "south": {
                    "texture": "#black_tile_roof"
                }
            }
        },
        {
            "from": [4,0,12],
            "to": [7,6,16],
            "faces": {
                "up": {
                    "uv": [7,0,8,4],
                    "texture": "#black_tile_roof"
                },
                "down": {
                    "uv": [0,0,1,1],
                    "texture": "#black_tile_roof"
                },
                "west": {
                    "texture": "#black_tile_roof"
                },
                "east": {
                    "texture": "#black_tile_roof"
                },
                "south": {
                    "uv": [0,0,1,1],
                    "texture": "#black_tile_roof"
                }
            }
        },
        {
            "from": [0,0,12],
            "to": [4,4,14],
            "faces": {
                "up": {
                    "texture": "#black_tile_roof"
                },
                "down": {
                    "uv": [0,0,1,1],
                    "texture": "#black_tile_roof"
                },
                "west": {
                    "uv": [0,0,1,1],
                    "texture": "#black_tile_roof"
                },
                "east": {
                    "uv": [0,0,1,1],
                    "texture": "#black_tile_roof"
                },
                "south": {
                    "texture": "#black_tile_roof"
                }
            }
        },
        {
            "from": [2,0,14],
            "to": [4,4,16],
            "faces": {
                "up": {
                    "uv": [6,3,9,5],
                    "texture": "#black_tile_roof"
                },
                "down": {
                    "uv": [0,0,1,1],
                    "texture": "#black_tile_roof"
                },
                "west": {
                    "texture": "#black_tile_roof"
                },
                "east": {
                    "texture": "#black_tile_roof"
                },
                "north": {
                    "texture": "missingtexture"
                },
                "south": {
                    "uv": [0,0,1,1],
                    "texture": "#black_tile_roof"
                }
            }
        },
        {
            "from": [0,0,14],
            "to": [2,2,16],
            "faces": {
                "up": {
                    "uv": [5,1,9,3],
                    "texture": "#black_tile_roof"
                },
                "down": {
                    "uv": [0,0,1,1],
                    "texture": "#black_tile_roof"
                },
                "west": {
                    "uv": [0,0,1,1],
                    "texture": "#black_tile_roof"
                },
                "east": {
                    "uv": [0,0,1,1],
                    "texture": "#black_tile_roof"
                },
                "south": {
                    "uv": [0,0,1,1],
                    "texture": "#black_tile_roof"
                }
            }
        },
        {
            "from": [0,6,9],
            "to": [7,8,10],
            "faces": {
                "up": {
                    "texture": "#black_tile_roof"
                },
                "west": {
                    "uv": [0,0,1,1],
                    "texture": "#black_tile_roof"
                },
                "east": {
                    "uv": [0,0,1,1],
                    "texture": "#black_tile_roof"
                },
                "north": {
                    "texture": "#black_tile_roof"
                },
                "south": {
                    "texture": "#black_tile_roof"
                }
            }
        },
        {
            "from": [6,6,10],
            "to": [7,8,16],
            "faces": {
                "up": {
                    "uv": [7,0,8,6],
                    "texture": "#black_tile_roof"
                },
                "west": {
                    "texture": "#black_tile_roof"
                },
                "east": {
                    "uv": [3,1,9,3],
                    "texture": "#black_tile_roof"
                },
                "south": {
                    "uv": [8,3,9,5],
                    "texture": "#black_tile_roof"
                }
            }
        },
        {
            "from": [6,0,5],
            "to": [10,9,7],
            "faces": {
                "up": {
                    "uv": [2,7,7,16],
                    "texture": "#black_tile_roof",
                    "rotation": 90
                },
                "west": {
                    "texture": "#black_tile_roof"
                },
                "east": {
                    "texture": "#black_tile_roof"
                },
                "north": {
                    "uv": [2,7,6,16],
                    "texture": "#black_tile_roof",
                    "rotation": 90
                }
            }
        },
        {
            "from": [6,0,3],
            "to": [10,7,5],
            "faces": {
                "up": {
                    "uv": [1,7,6,16],
                    "texture": "#black_tile_roof",
                    "rotation": 90
                },
                "west": {
                    "texture": "#black_tile_roof"
                },
                "east": {
                    "texture": "#black_tile_roof"
                },
                "north": {
                    "uv": [3,7,7,16],
                    "texture": "#black_tile_roof",
                    "rotation": 90
                }
            }
        },
        {
            "from": [6,0,1],
            "to": [10,5,3],
            "faces": {
                "up": {
                    "uv": [2,7,5,16],
                    "texture": "#black_tile_roof",
                    "rotation": 90
                },
                "west": {
                    "texture": "#black_tile_roof"
                },
                "east": {
                    "texture": "#black_tile_roof"
                },
                "north": {
                    "uv": [2,7,6,16],
                    "texture": "#black_tile_roof",
                    "rotation": 90
                }
            }
        },
        {
            "from": [6,0,-1],
            "to": [10,3,1],
            "faces": {
                "up": {
                    "uv": [2,7,6,16],
                    "texture": "#black_tile_roof",
                    "rotation": 90
                },
                "down": {
                    "uv": [0,0,0,1],
                    "texture": "#black_tile_roof"
                },
                "west": {
                    "uv": [1,10,3,13],
                    "texture": "#black_tile_roof"
                },
                "east": {
                    "uv": [0,10,2,13],
                    "texture": "#black_tile_roof"
                },
                "north": {
                    "uv": [1,7,5,16],
                    "texture": "#black_tile_roof",
                    "rotation": 90
                }
            }
        }
    ]
}