{
    "__createdwith": "opl's Model Creator",
    "ambientocclusion": false,
    "textures": {
        "black_tile_roof": "chineseworkshop:blocks/black_tile_roof",
        "particle": "chineseworkshop:blocks/black_tile_roof"
    },
	"display": {
        "gui": {	
            "rotation": [ 30, 225, 0 ],
            "translation": [ 0, 0, 0],
            "scale":[ 0.625, 0.625, 0.625 ]
        },
        "ground": {
            "rotation": [ 0, 0, 0 ],
            "translation": [ 0, 3, 0],
            "scale":[ 0.25, 0.25, 0.25 ]
        },
        "fixed": {
            "rotation": [ 0, 0, 0 ],
            "translation": [ 0, 0, 0],
            "scale":[ 0.5, 0.5, 0.5 ]
        },
        "thirdperson_righthand": {
            "rotation": [ 75, 45, 0 ],
            "translation": [ 0, 2.5, 0],
            "scale": [ 0.375, 0.375, 0.375 ]
        },
        "firstperson_righthand": {
            "rotation": [ 0, 45, 0 ],
            "translation": [ 0, 0, 0 ],
            "scale": [ 0.40, 0.40, 0.40 ]
        },
        "firstperson_lefthand": {
            "rotation": [ 0, 225, 0 ],
            "translation": [ 0, 0, 0 ],
            "scale": [ 0.40, 0.40, 0.40 ]
        }
},
    "elements": [
        {
            "from": [0,0,-1],
            "to": [2,3,1],
            "faces": {
                "up": {
                    "uv": [4,8,8,12],
                    "texture": "#black_tile_roof"
                },
                "down": {
                    "uv": [0,0,1,1],
                    "texture": "#black_tile_roof"
                },
                "west": {
                    "uv": [0,0,1,1],
                    "texture": "#black_tile_roof"
                },
                "east": {
                    "uv": [2,11,4,14],
                    "texture": "#black_tile_roof"
                },
                "north": {
                    "uv": [7,8,11,12],
                    "texture": "#black_tile_roof"
                }
            }
        },
        {
            "from": [2,0,0],
            "to": [14,2,16],
            "faces": {
                "up": {
                    "uv": [2,0,9,6],
                    "texture": "#black_tile_roof"
                },
                "down": {
                    "uv": [0,0,1,1],
                    "texture": "#black_tile_roof"
                },
                "north": {
                    "uv": [0,4,12,6],
                    "texture": "#black_tile_roof"
                },
                "south": {
                    "uv": [0,4,12,6],
                    "texture": "#black_tile_roof"
                }
            }
        },
        {
            "from": [6,0,-1],
            "to": [10,3,1],
            "faces": {
                "up": {
                    "uv": [9,7,14,16],
                    "texture": "#black_tile_roof",
                    "rotation": 90
                },
                "down": {
                    "uv": [0,0,1,1],
                    "texture": "#black_tile_roof"
                },
                "west": {
                    "uv": [3,10,5,13],
                    "texture": "#black_tile_roof"
                },
                "east": {
                    "uv": [2,10,4,13],
                    "texture": "#black_tile_roof"
                },
                "north": {
                    "uv": [8,7,15,16],
                    "texture": "#black_tile_roof",
                    "rotation": 90
                }
            }
        },
        {
            "from": [14,0,-1],
            "to": [16,3,1],
            "faces": {
                "up": {
                    "uv": [7,8,11,12],
                    "texture": "#black_tile_roof"
                },
                "down": {
                    "uv": [0,0,1,1],
                    "texture": "#black_tile_roof"
                },
                "west": {
                    "uv": [3,11,5,14],
                    "texture": "#black_tile_roof"
                },
                "east": {
                    "uv": [0,0,1,1],
                    "texture": "#black_tile_roof"
                },
                "north": {
                    "uv": [4,8,8,13],
                    "texture": "#black_tile_roof"
                }
            }
        },
        {
            "from": [14,0,1],
            "to": [16,5,3],
            "faces": {
                "up": {
                    "uv": [7,9,11,13],
                    "texture": "#black_tile_roof"
                },
                "down": {
                    "uv": [0,0,1,1],
                    "texture": "#black_tile_roof"
                },
                "west": {
                    "texture": "#black_tile_roof"
                },
                "east": {
                    "uv": [0,0,1,1],
                    "texture": "#black_tile_roof"
                },
                "north": {
                    "uv": [4,8,8,13],
                    "texture": "#black_tile_roof"
                }
            }
        },
        {
            "from": [14,0,3],
            "to": [16,7,5],
            "faces": {
                "up": {
                    "uv": [7,8,11,12],
                    "texture": "#black_tile_roof"
                },
                "down": {
                    "uv": [0,0,1,1],
                    "texture": "#black_tile_roof"
                },
                "west": {
                    "texture": "#black_tile_roof"
                },
                "east": {
                    "uv": [0,0,1,1],
                    "texture": "#black_tile_roof"
                },
                "north": {
                    "uv": [4,8,8,14],
                    "texture": "#black_tile_roof"
                }
            }
        },
        {
            "from": [14,0,5],
            "to": [16,9,7],
            "faces": {
                "up": {
                    "uv": [7,8,11,12],
                    "texture": "#black_tile_roof"
                },
                "down": {
                    "uv": [0,0,1,1],
                    "texture": "#black_tile_roof"
                },
                "west": {
                    "uv": [4,2,6,11],
                    "texture": "#black_tile_roof"
                },
                "east": {
                    "uv": [0,0,1,1],
                    "texture": "#black_tile_roof"
                },
                "north": {
                    "uv": [4,9,8,14],
                    "texture": "#black_tile_roof"
                }
            }
        },
        {
            "from": [14,0,15],
            "to": [16,3,17],
            "faces": {
                "up": {
                    "uv": [7,8,11,12],
                    "texture": "#black_tile_roof"
                },
                "down": {
                    "uv": [0,0,1,1],
                    "texture": "#black_tile_roof"
                },
                "west": {
                    "uv": [11,10,13,13],
                    "texture": "#black_tile_roof"
                },
                "east": {
                    "uv": [0,0,1,1],
                    "texture": "#black_tile_roof"
                },
                "south": {
                    "uv": [7,8,11,12],
                    "texture": "#black_tile_roof"
                }
            }
        },
        {
            "from": [0,0,15],
            "to": [2,3,17],
            "faces": {
                "up": {
                    "uv": [4,8,8,12],
                    "texture": "#black_tile_roof"
                },
                "down": {
                    "uv": [0,0,1,1],
                    "texture": "#black_tile_roof"
                },
                "west": {
                    "uv": [0,0,1,1],
                    "texture": "#black_tile_roof"
                },
                "east": {
                    "uv": [11,11,13,14],
                    "texture": "#black_tile_roof"
                },
                "south": {
                    "uv": [4,8,8,12],
                    "texture": "#black_tile_roof"
                }
            }
        },
        {
            "from": [0,0,13],
            "to": [2,5,15],
            "faces": {
                "up": {
                    "uv": [4,9,8,13],
                    "texture": "#black_tile_roof"
                },
                "down": {
                    "uv": [0,0,1,1],
                    "texture": "#black_tile_roof"
                },
                "west": {
                    "uv": [0,0,1,1],
                    "texture": "#black_tile_roof"
                },
                "east": {
                    "texture": "#black_tile_roof"
                },
                "south": {
                    "uv": [4,9,8,13],
                    "texture": "#black_tile_roof"
                }
            }
        },
        {
            "from": [0,0,11],
            "to": [2,7,13],
            "faces": {
                "up": {
                    "uv": [4,9,8,13],
                    "texture": "#black_tile_roof"
                },
                "down": {
                    "uv": [0,0,1,1],
                    "texture": "#black_tile_roof"
                },
                "west": {
                    "uv": [0,0,1,1],
                    "texture": "#black_tile_roof"
                },
                "east": {
                    "texture": "#black_tile_roof"
                },
                "south": {
                    "uv": [4,9,8,13],
                    "texture": "#black_tile_roof"
                }
            }
        },
        {
            "from": [0,0,9],
            "to": [2,9,11],
            "faces": {
                "up": {
                    "uv": [4,8,8,12],
                    "texture": "#black_tile_roof"
                },
                "down": {
                    "uv": [0,0,1,1],
                    "texture": "#black_tile_roof"
                },
                "west": {
                    "uv": [0,0,1,1],
                    "texture": "#black_tile_roof"
                },
                "east": {
                    "uv": [8,2,10,11],
                    "texture": "#black_tile_roof"
                },
                "south": {
                    "uv": [4,8,8,12],
                    "texture": "#black_tile_roof"
                }
            }
        },
        {
            "from": [0,0,7],
            "to": [16,11,9],
            "faces": {
                "up": {
                    "uv": [0,7,1,8],
                    "texture": "#black_tile_roof"
                },
                "down": {
                    "uv": [0,0,1,1],
                    "texture": "#black_tile_roof"
                },
                "west": {
                    "uv": [0,0,1,1],
                    "texture": "#black_tile_roof"
                },
                "east": {
                    "uv": [0,0,1,1],
                    "texture": "#black_tile_roof"
                },
                "north": {
                    "uv": [0,15,1,16],
                    "texture": "#black_tile_roof"
                },
                "south": {
                    "uv": [0,15,1,16],
                    "texture": "#black_tile_roof"
                }
            }
        },
        {
            "from": [6,0,1],
            "to": [10,5,3],
            "faces": {
                "up": {
                    "uv": [0,7,4,16],
                    "texture": "#black_tile_roof",
                    "rotation": 90
                },
                "west": {
                    "texture": "#black_tile_roof"
                },
                "east": {
                    "texture": "#black_tile_roof"
                },
                "north": {
                    "uv": [3,7,7,16],
                    "texture": "#black_tile_roof",
                    "rotation": 90
                }
            }
        },
        {
            "from": [6,0,3],
            "to": [10,7,5],
            "faces": {
                "up": {
                    "uv": [1,7,5,16],
                    "texture": "#black_tile_roof",
                    "rotation": 90
                },
                "west": {
                    "texture": "#black_tile_roof"
                },
                "east": {
                    "texture": "#black_tile_roof"
                },
                "north": {
                    "uv": [3,7,7,16],
                    "texture": "#black_tile_roof",
                    "rotation": 90
                }
            }
        },
        {
            "from": [6,0,5],
            "to": [10,9,7],
            "faces": {
                "up": {
                    "uv": [1,7,6,16],
                    "texture": "#black_tile_roof",
                    "rotation": 90
                },
                "west": {
                    "uv": [5,2,7,11],
                    "texture": "#black_tile_roof"
                },
                "east": {
                    "uv": [6,2,8,11],
                    "texture": "#black_tile_roof"
                },
                "north": {
                    "uv": [1,7,7,16],
                    "texture": "#black_tile_roof",
                    "rotation": 90
                }
            }
        },
        {
            "from": [6,0,9],
            "to": [10,9,11],
            "faces": {
                "up": {
                    "uv": [3,7,7,16],
                    "texture": "#black_tile_roof",
                    "rotation": 90
                },
                "west": {
                    "uv": [9,4,11,13],
                    "texture": "#black_tile_roof"
                },
                "east": {
                    "uv": [9,3,11,12],
                    "texture": "#black_tile_roof"
                },
                "south": {
                    "uv": [3,7,7,16],
                    "texture": "#black_tile_roof",
                    "rotation": 90
                }
            }
        },
        {
            "from": [6,0,11],
            "to": [10,7,13],
            "faces": {
                "up": {
                    "uv": [3,7,7,16],
                    "texture": "#black_tile_roof",
                    "rotation": 90
                },
                "west": {
                    "texture": "#black_tile_roof"
                },
                "east": {
                    "texture": "#black_tile_roof"
                },
                "south": {
                    "uv": [2,7,6,16],
                    "texture": "#black_tile_roof",
                    "rotation": 90
                }
            }
        },
        {
            "from": [6,0,13],
            "to": [10,5,15],
            "faces": {
                "up": {
                    "uv": [1,7,5,16],
                    "texture": "#black_tile_roof",
                    "rotation": 90
                },
                "west": {
                    "texture": "#black_tile_roof"
                },
                "east": {
                    "texture": "#black_tile_roof"
                },
                "south": {
                    "uv": [2,7,6,16],
                    "texture": "#black_tile_roof",
                    "rotation": 90
                }
            }
        },
        {
            "from": [14,0,13],
            "to": [16,5,15],
            "faces": {
                "up": {
                    "uv": [7,9,11,13],
                    "texture": "#black_tile_roof"
                },
                "down": {
                    "uv": [0,0,1,1],
                    "texture": "#black_tile_roof"
                },
                "west": {
                    "texture": "#black_tile_roof"
                },
                "east": {
                    "uv": [0,0,1,1],
                    "texture": "#black_tile_roof"
                },
                "south": {
                    "uv": [7,8,11,12],
                    "texture": "#black_tile_roof"
                }
            }
        },
        {
            "from": [14,0,11],
            "to": [16,7,13],
            "faces": {
                "up": {
                    "uv": [7,8,11,12],
                    "texture": "#black_tile_roof"
                },
                "down": {
                    "uv": [0,0,1,1],
                    "texture": "#black_tile_roof"
                },
                "west": {
                    "texture": "#black_tile_roof"
                },
                "east": {
                    "uv": [0,0,1,1],
                    "texture": "#black_tile_roof"
                },
                "south": {
                    "uv": [7,11,11,15],
                    "texture": "#black_tile_roof"
                }
            }
        },
        {
            "from": [14,0,9],
            "to": [16,9,11],
            "faces": {
                "up": {
                    "uv": [7,9,11,13],
                    "texture": "#black_tile_roof"
                },
                "down": {
                    "uv": [0,0,1,1],
                    "texture": "#black_tile_roof"
                },
                "west": {
                    "uv": [8,3,10,12],
                    "texture": "#black_tile_roof"
                },
                "east": {
                    "uv": [0,0,1,1],
                    "texture": "#black_tile_roof"
                },
                "south": {
                    "uv": [7,9,11,13],
                    "texture": "#black_tile_roof"
                }
            }
        },
        {
            "from": [0,0,1],
            "to": [2,5,3],
            "faces": {
                "up": {
                    "uv": [4,8,8,12],
                    "texture": "#black_tile_roof"
                },
                "down": {
                    "uv": [0,0,1,1],
                    "texture": "#black_tile_roof"
                },
                "west": {
                    "uv": [0,0,1,1],
                    "texture": "#black_tile_roof"
                },
                "east": {
                    "texture": "#black_tile_roof"
                },
                "north": {
                    "uv": [7,8,12,13],
                    "texture": "#black_tile_roof"
                }
            }
        },
        {
            "from": [0,0,3],
            "to": [2,7,5],
            "faces": {
                "up": {
                    "uv": [4,9,8,13],
                    "texture": "#black_tile_roof"
                },
                "down": {
                    "uv": [0,0,1,1],
                    "texture": "#black_tile_roof"
                },
                "west": {
                    "uv": [0,0,1,1],
                    "texture": "#black_tile_roof"
                },
                "east": {
                    "texture": "#black_tile_roof"
                },
                "north": {
                    "uv": [7,8,11,12],
                    "texture": "#black_tile_roof"
                }
            }
        },
        {
            "from": [0,0,5],
            "to": [2,9,7],
            "faces": {
                "up": {
                    "uv": [4,8,8,12],
                    "texture": "#black_tile_roof"
                },
                "down": {
                    "uv": [0,0,1,1],
                    "texture": "#black_tile_roof"
                },
                "west": {
                    "uv": [0,0,1,1],
                    "texture": "#black_tile_roof"
                },
                "east": {
                    "uv": [6,4,8,13],
                    "texture": "#black_tile_roof"
                },
                "north": {
                    "uv": [7,8,11,12],
                    "texture": "#black_tile_roof"
                }
            }
        },
        {
            "from": [2,2,2],
            "to": [14,4,14],
            "faces": {
                "up": {
                    "texture": "#black_tile_roof"
                },
                "north": {
                    "texture": "#black_tile_roof"
                },
                "south": {
                    "texture": "#black_tile_roof"
                }
            }
        },
        {
            "from": [2,4,4],
            "to": [14,6,12],
            "faces": {
                "up": {
                    "texture": "#black_tile_roof"
                },
                "north": {
                    "texture": "#black_tile_roof"
                },
                "south": {
                    "texture": "#black_tile_roof"
                }
            }
        },
        {
            "from": [2,6,6],
            "to": [14,8,10],
            "faces": {
                "up": {
                    "texture": "#black_tile_roof"
                },
                "north": {
                    "texture": "#black_tile_roof"
                },
                "south": {
                    "texture": "#black_tile_roof"
                }
            }
        },
        {
            "from": [6,0,15],
            "to": [10,3,17],
            "faces": {
                "up": {
                    "uv": [1,7,5,16],
                    "texture": "#black_tile_roof",
                    "rotation": 90
                },
                "down": {
                    "uv": [0,0,1,1],
                    "texture": "#black_tile_roof"
                },
                "west": {
                    "uv": [12,10,14,13],
                    "texture": "#black_tile_roof"
                },
                "east": {
                    "uv": [11,10,13,13],
                    "texture": "#black_tile_roof"
                },
                "south": {
                    "uv": [2,7,6,16],
                    "texture": "#black_tile_roof",
                    "rotation": 90
                }
            }
        }
    ]
}