{
    "__createdwith": "opl's Model Creator",
    "ambientocclusion": false,
    "textures": {
        "particle": "chineseworkshop:blocks/black_tile_roof",
        "black_tile_roof": "chineseworkshop:blocks/black_tile_roof",
        "white_gray_walls": "chineseworkshop:blocks/white_gray_walls"
    },
	"display": {
        "gui": {
            "rotation": [ 30, 225, 0 ],
            "translation": [ 0, 0, 0],
            "scale":[ 0.625, 0.625, 0.625 ]
        },
        "ground": {
            "rotation": [ 0, 0, 0 ],
            "translation": [ 0, 3, 0],
            "scale":[ 0.25, 0.25, 0.25 ]
        },
        "fixed": {
            "rotation": [ 0, 0, 0 ],
            "translation": [ 0, 0, 0],
            "scale":[ 0.5, 0.5, 0.5 ]
        },
        "thirdperson_righthand": {
            "rotation": [ 75, 45, 0 ],
            "translation": [ 0, 2.5, 0],
            "scale": [ 0.375, 0.375, 0.375 ]
        },
        "firstperson_righthand": {
            "rotation": [ 0, 45, 0 ],
            "translation": [ 0, 0, 0 ],
            "scale": [ 0.40, 0.40, 0.40 ]
        },
        "firstperson_lefthand": {
            "rotation": [ 0, 225, 0 ],
            "translation": [ 0, 0, 0 ],
            "scale": [ 0.40, 0.40, 0.40 ]
        }
},
    "elements": [
        {
            "from": [2,15,0],
            "to": [4,17,5],
            "faces": {
                "up": {
                    "uv": [4,11,8,7],
                    "texture": "#black_tile_roof"
                },
                "down": {
                    "texture": "#black_tile_roof"
                },
                "east": {
                    "uv": [5,4,7,6],
                    "texture": "#black_tile_roof"
                },
                "north": {
                    "uv": [7,8,11,12],
                    "texture": "#black_tile_roof"
                },
                "south": {
                    "uv": [4,8,8,12],
                    "texture": "#black_tile_roof"
                }
            }
        },
        {
            "from": [0,13,0],
            "to": [2,17,5],
            "faces": {
                "up": {
                    "uv": [7,11,11,7],
                    "texture": "#black_tile_roof"
                },
                "down": {
                    "uv": [0,0,1,1],
                    "texture": "#black_tile_roof"
                },
                "west": {
                    "uv": [0,0,1,1],
                    "texture": "#black_tile_roof"
                },
                "east": {
                    "uv": [0,0,1,1],
                    "texture": "#black_tile_roof"
                },
                "north": {
                    "uv": [4,8,8,15],
                    "texture": "#black_tile_roof"
                },
                "south": {
                    "uv": [7,9,11,13],
                    "texture": "#black_tile_roof"
                }
            }
        },
        {
            "from": [0,11,5],
            "to": [2,15,9],
            "faces": {
                "up": {
                    "uv": [7,9,11,13],
                    "texture": "#black_tile_roof"
                },
                "down": {
                    "uv": [0,0,1,1],
                    "texture": "#black_tile_roof"
                },
                "west": {
                    "uv": [0,0,1,1],
                    "texture": "#black_tile_roof"
                },
                "east": {
                    "uv": [0,0,1,1],
                    "texture": "#black_tile_roof"
                },
                "north": {
                    "uv": [4,9,8,13],
                    "texture": "#black_tile_roof"
                },
                "south": {
                    "uv": [7,8,11,12],
                    "texture": "#black_tile_roof"
                }
            }
        },
        {
            "from": [2,13,5],
            "to": [4,15,9],
            "faces": {
                "up": {
                    "uv": [4,8,8,12],
                    "texture": "#black_tile_roof"
                },
                "down": {
                    "texture": "#black_tile_roof"
                },
                "east": {
                    "uv": [2,9,6,11],
                    "texture": "#black_tile_roof"
                },
                "north": {
                    "uv": [7,9,11,13],
                    "texture": "#black_tile_roof"
                },
                "south": {
                    "uv": [4,8,8,12],
                    "texture": "#black_tile_roof"
                }
            }
        },
        {
            "from": [0,9,9],
            "to": [2,13,13],
            "faces": {
                "up": {
                    "uv": [7,11,11,7],
                    "texture": "#black_tile_roof"
                },
                "down": {
                    "uv": [0,0,1,1],
                    "texture": "#black_tile_roof"
                },
                "west": {
                    "uv": [0,0,1,1],
                    "texture": "#black_tile_roof"
                },
                "east": {
                    "uv": [0,0,1,1],
                    "texture": "#black_tile_roof"
                },
                "north": {
                    "uv": [4,8,8,13],
                    "texture": "#black_tile_roof"
                },
                "south": {
                    "uv": [7,8,11,12],
                    "texture": "#black_tile_roof"
                }
            }
        },
        {
            "from": [2,11,9],
            "to": [4,13,13],
            "faces": {
                "up": {
                    "uv": [4,11,8,7],
                    "texture": "#black_tile_roof"
                },
                "down": {
                    "texture": "#black_tile_roof"
                },
                "east": {
                    "texture": "#black_tile_roof"
                },
                "north": {
                    "uv": [7,8,11,12],
                    "texture": "#black_tile_roof"
                },
                "south": {
                    "uv": [4,8,8,12],
                    "texture": "#black_tile_roof"
                }
            }
        },
        {
            "from": [0,8,13],
            "to": [2,11,17],
            "faces": {
                "up": {
                    "uv": [7,9,11,13],
                    "texture": "#black_tile_roof"
                },
                "down": {
                    "uv": [0,0,1,1],
                    "texture": "#black_tile_roof"
                },
                "west": {
                    "uv": [0,0,1,1],
                    "texture": "#black_tile_roof"
                },
                "east": {
                    "uv": [0,0,1,1],
                    "texture": "#black_tile_roof"
                },
                "north": {
                    "uv": [4,10,8,15],
                    "texture": "#black_tile_roof"
                },
                "south": {
                    "uv": [7,8,11,12],
                    "texture": "#black_tile_roof"
                }
            }
        },
        {
            "from": [2,9,13],
            "to": [4,11,17],
            "faces": {
                "up": {
                    "uv": [4,8,8,12],
                    "texture": "#black_tile_roof"
                },
                "down": {
                    "uv": [2,2,4,4],
                    "texture": "#black_tile_roof"
                },
                "east": {
                    "uv": [0,0,1,1],
                    "texture": "#black_tile_roof"
                },
                "north": {
                    "uv": [7,8,11,12],
                    "texture": "#black_tile_roof"
                },
                "south": {
                    "uv": [4,8,8,12],
                    "texture": "#black_tile_roof"
                }
            }
        },
        {
            "from": [0,8,0],
            "to": [1,13,5],
            "faces": {
                "down": {
                    "uv": [0,0,1,2],
                    "texture": "#black_tile_roof"
                },
                "west": {
                    "uv": [0,0,1,1],
                    "texture": "#black_tile_roof"
                },
                "east": {
                    "texture": "#white_gray_walls"
                },
                "north": {
                    "texture": "#white_gray_walls"
                }
            }
        },
        {
            "from": [0,8,5],
            "to": [1,11,9],
            "faces": {
                "down": {
                    "uv": [0,3,1,5],
                    "texture": "#black_tile_roof"
                },
                "west": {
                    "uv": [0,0,1,1],
                    "texture": "#black_tile_roof"
                },
                "east": {
                    "texture": "#white_gray_walls"
                }
            }
        },
        {
            "from": [0,8,9],
            "to": [1,9,13],
            "faces": {
                "down": {
                    "uv": [0,0,1,2],
                    "texture": "#black_tile_roof"
                },
                "west": {
                    "uv": [0,0,1,1],
                    "texture": "#black_tile_roof"
                },
                "east": {
                    "texture": "#white_gray_walls"
                }
            }
        },
        {
            "from": [0,0,0],
            "to": [1,8,16],
            "faces": {
                "down": {
                    "uv": [0,0,1,2],
                    "texture": "#black_tile_roof"
                },
                "west": {
                    "uv": [0,0,1,1],
                    "texture": "#black_tile_roof"
                },
                "east": {
                    "texture": "#white_gray_walls"
                },
                "north": {
                    "texture": "#white_gray_walls"
                },
                "south": {
                    "texture": "#white_gray_walls"
                }
            }
        }
    ]
}