{
    "ambientocclusion": false,
    "textures": {
        "particle": "chineseworkshop:blocks/black_tile_roof",
        "black_tile_roof": "chineseworkshop:blocks/black_tile_roof"
    },
	"display": {
        "gui": {	
            "rotation": [ 30, 225, 0 ],
            "translation": [ 0, 0, 0],
            "scale":[ 0.625, 0.625, 0.625 ]
        },
        "ground": {
            "rotation": [ 0, 0, 0 ],
            "translation": [ 0, 3, 0],
            "scale":[ 0.25, 0.25, 0.25 ]
        },
        "fixed": {
            "rotation": [ 0, 0, 0 ],
            "translation": [ 0, 0, 0],
            "scale":[ 0.5, 0.5, 0.5 ]
        },
        "thirdperson_righthand": {
            "rotation": [ 75, 45, 0 ],
            "translation": [ 0, 2.5, 0],
            "scale": [ 0.375, 0.375, 0.375 ]
        },
        "firstperson_righthand": {
            "rotation": [ 0, 45, 0 ],
            "translation": [ 0, 0, 0 ],
            "scale": [ 0.40, 0.40, 0.40 ]
        },
        "firstperson_lefthand": {
            "rotation": [ 0, 225, 0 ],
            "translation": [ 0, 0, 0 ],
            "scale": [ 0.40, 0.40, 0.40 ]
        }
},
    "elements": [
        {
            "from": [0,8,12],
            "to": [16,16,15],
            "faces": {
                "up": {
                    "uv": [0,3,16,7],
                    "texture": "#black_tile_roof"
                },
                "down": {
                    "uv": [0,0,1,1],
                    "texture": "#black_tile_roof"
                },
                "west": {
                    "uv": [0,0,1,1],
                    "texture": "#black_tile_roof"
                },
                "east": {
                    "uv": [0,0,1,1],
                    "texture": "#black_tile_roof"
                },
                "north": {
                    "texture": "#black_tile_roof"
                },
                "south": {
                    "uv": [0,0,1,1],
                    "texture": "#black_tile_roof"
                }
            }
        },
        {
            "from": [2,9,8],
            "to": [14,14,12],
            "faces": {
                "up": {
                    "texture": "#black_tile_roof"
                },
                "down": {
                    "uv": [0,0,1,1],
                    "texture": "#black_tile_roof"
                },
                "north": {
                    "texture": "#black_tile_roof"
                }
            }
        },
        {
            "from": [2,9,4],
            "to": [14,12,8],
            "faces": {
                "up": {
                    "uv": [2,2,14,6],
                    "texture": "#black_tile_roof"
                },
                "down": {
                    "uv": [0,0,1,1],
                    "texture": "#black_tile_roof"
                },
                "north": {
                    "texture": "#black_tile_roof"
                }
            }
        },
        {
            "from": [2,8,0],
            "to": [14,10,4],
            "faces": {
                "up": {
                    "texture": "#black_tile_roof"
                },
                "down": {
                    "uv": [0,0,1,1],
                    "texture": "#black_tile_roof"
                },
                "north": {
                    "uv": [2,3,13,4],
                    "texture": "#black_tile_roof"
                }
            }
        },
        {
            "from": [0,8,11],
            "to": [2,17,15],
            "faces": {
                "up": {
                    "uv": [4,7,8,11],
                    "texture": "#black_tile_roof"
                },
                "down": {
                    "uv": [0,0,1,1],
                    "texture": "#black_tile_roof"
                },
                "west": {
                    "uv": [0,0,1,1],
                    "texture": "#black_tile_roof"
                },
                "east": {
                    "uv": [13,0,15,16],
                    "texture": "#black_tile_roof"
                },
                "north": {
                    "uv": [7,8,11,13],
                    "texture": "#black_tile_roof"
                },
                "south": {
                    "uv": [0,0,1,1],
                    "texture": "#black_tile_roof"
                }
            }
        },
        {
            "from": [0,8,7],
            "to": [2,15,11],
            "faces": {
                "up": {
                    "uv": [4,8,8,12],
                    "texture": "#black_tile_roof"
                },
                "down": {
                    "uv": [0,0,1,1],
                    "texture": "#black_tile_roof"
                },
                "west": {
                    "uv": [0,0,1,1],
                    "texture": "#black_tile_roof"
                },
                "east": {
                    "texture": "#black_tile_roof"
                },
                "north": {
                    "uv": [7,8,11,15],
                    "texture": "#black_tile_roof"
                }
            }
        },
        {
            "from": [0,8,3],
            "to": [2,13,7],
            "faces": {
                "up": {
                    "uv": [4,7,8,12],
                    "texture": "#black_tile_roof"
                },
                "down": {
                    "uv": [0,0,1,1],
                    "texture": "#black_tile_roof"
                },
                "west": {
                    "uv": [0,0,1,1],
                    "texture": "#black_tile_roof"
                },
                "east": {
                    "texture": "#black_tile_roof"
                },
                "north": {
                    "uv": [7,9,11,14],
                    "texture": "#black_tile_roof"
                }
            }
        },
        {
            "from": [0,8,-1],
            "to": [2,11,3],
            "faces": {
                "up": {
                    "uv": [4,9,8,13],
                    "texture": "#black_tile_roof"
                },
                "down": {
                    "uv": [0,0,1,1],
                    "texture": "#black_tile_roof"
                },
                "west": {
                    "uv": [0,0,1,1],
                    "texture": "#black_tile_roof"
                },
                "east": {
                    "uv": [9,3,12,6],
                    "texture": "#black_tile_roof"
                },
                "north": {
                    "uv": [7,8,11,15],
                    "texture": "#black_tile_roof"
                }
            }
        },
        {
            "from": [14,8,7],
            "to": [16,15,11],
            "faces": {
                "up": {
                    "uv": [7,8,11,15],
                    "texture": "#black_tile_roof"
                },
                "down": {
                    "uv": [0,0,1,1],
                    "texture": "#black_tile_roof"
                },
                "west": {
                    "uv": [7,1,11,6],
                    "texture": "#black_tile_roof"
                },
                "east": {
                    "uv": [0,0,1,1],
                    "texture": "#black_tile_roof"
                },
                "north": {
                    "uv": [4,8,8,15],
                    "texture": "#black_tile_roof"
                }
            }
        },
        {
            "from": [14,8,11],
            "to": [16,17,15],
            "faces": {
                "up": {
                    "uv": [7,7,11,11],
                    "texture": "#black_tile_roof"
                },
                "down": {
                    "uv": [0,0,1,1],
                    "texture": "#black_tile_roof"
                },
                "west": {
                    "uv": [0,0,2,16],
                    "texture": "#black_tile_roof"
                },
                "east": {
                    "uv": [0,0,1,1],
                    "texture": "#black_tile_roof"
                },
                "north": {
                    "uv": [4,8,8,15],
                    "texture": "#black_tile_roof"
                },
                "south": {
                    "uv": [0,0,1,1],
                    "texture": "#black_tile_roof"
                }
            }
        },
        {
            "from": [14,8,3],
            "to": [16,13,7],
            "faces": {
                "up": {
                    "uv": [7,7,11,12],
                    "texture": "#black_tile_roof"
                },
                "down": {
                    "uv": [0,0,1,1],
                    "texture": "#black_tile_roof"
                },
                "west": {
                    "texture": "#black_tile_roof"
                },
                "east": {
                    "uv": [0,0,1,1],
                    "texture": "#black_tile_roof"
                },
                "north": {
                    "uv": [4,8,8,15],
                    "texture": "#black_tile_roof"
                }
            }
        },
        {
            "from": [14,8,-1],
            "to": [16,11,3],
            "faces": {
                "up": {
                    "uv": [7,9,11,13],
                    "texture": "#black_tile_roof"
                },
                "down": {
                    "uv": [0,0,1,1],
                    "texture": "#black_tile_roof"
                },
                "west": {
                    "uv": [8,2,12,6],
                    "texture": "#black_tile_roof"
                },
                "east": {
                    "uv": [0,0,1,1],
                    "texture": "#black_tile_roof"
                },
                "north": {
                    "uv": [4,8,8,15],
                    "texture": "#black_tile_roof"
                }
            }
        },
        {
            "from": [6,9,7],
            "to": [10,15,11],
            "faces": {
                "up": {
                    "uv": [1,7,5,16],
                    "texture": "#black_tile_roof",
                    "rotation": 90
                },
                "down": {
                    "uv": [0,0,1,1],
                    "texture": "#black_tile_roof"
                },
                "west": {
                    "texture": "#black_tile_roof"
                },
                "east": {
                    "texture": "#black_tile_roof"
                },
                "north": {
                    "uv": [8,7,15,16],
                    "texture": "#black_tile_roof",
                    "rotation": 90
                }
            }
        },
        {
            "from": [6,9,11],
            "to": [10,17,15],
            "faces": {
                "up": {
                    "uv": [7,7,12,16],
                    "texture": "#black_tile_roof",
                    "rotation": 90
                },
                "down": {
                    "uv": [0,0,1,1],
                    "texture": "#black_tile_roof"
                },
                "west": {
                    "uv": [13,0,15,16],
                    "texture": "#black_tile_roof"
                },
                "east": {
                    "uv": [13,0,15,16],
                    "texture": "#black_tile_roof"
                },
                "north": {
                    "uv": [8,7,15,16],
                    "texture": "#black_tile_roof",
                    "rotation": 90
                },
                "south": {
                    "uv": [0,0,1,1],
                    "texture": "#black_tile_roof"
                }
            }
        },
        {
            "from": [6,9,3],
            "to": [10,13,7],
            "faces": {
                "up": {
                    "uv": [7,7,12,16],
                    "texture": "#black_tile_roof",
                    "rotation": 90
                },
                "down": {
                    "uv": [0,0,1,1],
                    "texture": "#black_tile_roof"
                },
                "west": {
                    "texture": "#black_tile_roof"
                },
                "east": {
                    "texture": "#black_tile_roof"
                },
                "north": {
                    "uv": [8,7,15,16],
                    "texture": "#black_tile_roof",
                    "rotation": 90
                }
            }
        },
        {
            "from": [6,8,-1],
            "to": [10,11,3],
            "faces": {
                "up": {
                    "uv": [8,7,15,16],
                    "texture": "#black_tile_roof",
                    "rotation": 90
                },
                "down": {
                    "uv": [0,0,1,1],
                    "texture": "#black_tile_roof"
                },
                "west": {
                    "uv": [9,2,12,5],
                    "texture": "#black_tile_roof"
                },
                "east": {
                    "uv": [2,2,6,6],
                    "texture": "#black_tile_roof"
                },
                "north": {
                    "uv": [8,7,14,16],
                    "texture": "#black_tile_roof",
                    "rotation": 90
                }
            }
        },
        {
            "from": [0,0,0],
            "to": [16,8,16],
            "faces": {
                "down": {
                    "uv": [0,0,1,1],
                    "texture": "#black_tile_roof"
                },
                "west": {
                    "uv": [0,0,1,1],
                    "texture": "#black_tile_roof"
                },
                "east": {
                    "uv": [0,0,1,1],
                    "texture": "#black_tile_roof"
                },
                "north": {
                    "uv": [0,0,1,1],
                    "texture": "#black_tile_roof"
                },
                "south": {
                    "uv": [0,0,1,1],
                    "texture": "#black_tile_roof"
                }
            }
        },
        {
            "from": [0,8,15],
            "to": [16,16,16],
            "faces": {
                "up": {
                    "uv": [0,5,16,6],
                    "texture": "#black_tile_roof"
                },
                "west": {
                    "uv": [0,0,1,1],
                    "texture": "#black_tile_roof"
                },
                "east": {
                    "uv": [0,0,1,1],
                    "texture": "#black_tile_roof"
                },
                "south": {
                    "uv": [0,0,1,1],
                    "texture": "#black_tile_roof"
                }
            }
        }
    ]
}