{
    "__createdwith": "opl's Model Creator",
    "ambientocclusion": false,
    "textures": {
        "particle": "chineseworkshop:blocks/black_tile_roof",
        "black_tile_roof": "chineseworkshop:blocks/black_tile_roof"
    },
	"display": {
        "gui": {	
            "rotation": [ 30, 225, 0 ],
            "translation": [ 0, 0, 0],
            "scale":[ 0.625, 0.625, 0.625 ]
        },
        "ground": {
            "rotation": [ 0, 0, 0 ],
            "translation": [ 0, 3, 0],
            "scale":[ 0.25, 0.25, 0.25 ]
        },
        "fixed": {
            "rotation": [ 0, 0, 0 ],
            "translation": [ 0, 0, 0],
            "scale":[ 0.5, 0.5, 0.5 ]
        },
        "thirdperson_righthand": {
            "rotation": [ 75, 45, 0 ],
            "translation": [ 0, 2.5, 0],
            "scale": [ 0.375, 0.375, 0.375 ]
        },
        "firstperson_righthand": {
            "rotation": [ 0, 45, 0 ],
            "translation": [ 0, 0, 0 ],
            "scale": [ 0.40, 0.40, 0.40 ]
        },
        "firstperson_lefthand": {
            "rotation": [ 0, 225, 0 ],
            "translation": [ 0, 0, 0 ],
            "scale": [ 0.40, 0.40, 0.40 ]
        }
},
    "elements": [
        {
            "from": [2,0,12],
            "to": [14,8,15],
            "faces": {
                "up": {
                    "uv": [0,3,12,5],
                    "texture": "#black_tile_roof"
                },
                "down": {
                    "uv": [0,0,1,1],
                    "texture": "#black_tile_roof"
                },
                "west": {
                    "uv": [0,8,1,9],
                    "texture": "#black_tile_roof"
                },
                "east": {
                    "uv": [0,8,1,9],
                    "texture": "#black_tile_roof"
                },
                "north": {
                    "texture": "#black_tile_roof"
                },
                "south": {
                    "uv": [1,1,0,0],
                    "texture": "#black_tile_roof"
                }
            }
        },
        {
            "from": [2,0,8],
            "to": [14,6,12],
            "faces": {
                "up": {
                    "texture": "#black_tile_roof"
                },
                "down": {
                    "uv": [0,0,1,1],
                    "texture": "#black_tile_roof"
                },
                "north": {
                    "texture": "#black_tile_roof"
                }
            }
        },
        {
            "from": [2,0,4],
            "to": [14,4,8],
            "faces": {
                "up": {
                    "texture": "#black_tile_roof"
                },
                "down": {
                    "uv": [0,0,1,1],
                    "texture": "#black_tile_roof"
                },
                "north": {
                    "texture": "#black_tile_roof"
                }
            }
        },
        {
            "from": [2,0,0],
            "to": [14,2,4],
            "faces": {
                "up": {
                    "texture": "#black_tile_roof"
                },
                "down": {
                    "uv": [0,0,1,1],
                    "texture": "#black_tile_roof"
                },
                "north": {
                    "uv": [0,4,12,6],
                    "texture": "#black_tile_roof"
                }
            }
        },
        {
            "from": [0,0,11],
            "to": [2,9,15],
            "faces": {
                "up": {
                    "uv": [4,7,8,12],
                    "texture": "#black_tile_roof"
                },
                "down": {
                    "uv": [0,0,1,1],
                    "texture": "#black_tile_roof"
                },
                "west": {
                    "uv": [0,0,1,1],
                    "texture": "#black_tile_roof"
                },
                "east": {
                    "uv": [4,2,6,11],
                    "texture": "#black_tile_roof"
                },
                "north": {
                    "uv": [7,9,11,13],
                    "texture": "#black_tile_roof"
                },
                "south": {
                    "texture": "#black_tile_roof"
                }
            }
        },
        {
            "from": [0,0,7],
            "to": [2,7,11],
            "faces": {
                "up": {
                    "uv": [4,8,8,12],
                    "texture": "#black_tile_roof"
                },
                "down": {
                    "uv": [0,0,1,1],
                    "texture": "#black_tile_roof"
                },
                "west": {
                    "uv": [0,0,1,1],
                    "texture": "#black_tile_roof"
                },
                "east": {
                    "texture": "#black_tile_roof"
                },
                "north": {
                    "uv": [7,8,11,12],
                    "texture": "#black_tile_roof"
                }
            }
        },
        {
            "from": [0,0,3],
            "to": [2,5,7],
            "faces": {
                "up": {
                    "uv": [5,7,8,14],
                    "texture": "#black_tile_roof"
                },
                "down": {
                    "uv": [0,0,1,1],
                    "texture": "#black_tile_roof"
                },
                "west": {
                    "uv": [0,0,1,1],
                    "texture": "#black_tile_roof"
                },
                "east": {
                    "texture": "#black_tile_roof"
                },
                "north": {
                    "uv": [7,8,11,13],
                    "texture": "#black_tile_roof"
                }
            }
        },
        {
            "from": [0,0,-1],
            "to": [2,3,3],
            "faces": {
                "up": {
                    "uv": [4,10,8,14],
                    "texture": "#black_tile_roof"
                },
                "down": {
                    "uv": [0,0,1,1],
                    "texture": "#black_tile_roof"
                },
                "west": {
                    "uv": [0,0,1,1],
                    "texture": "#black_tile_roof"
                },
                "east": {
                    "uv": [2,11,4,14],
                    "texture": "#black_tile_roof"
                },
                "north": {
                    "uv": [7,8,11,12],
                    "texture": "#black_tile_roof"
                }
            }
        },
        {
            "from": [14,0,11],
            "to": [16,9,15],
            "faces": {
                "up": {
                    "uv": [7,7,10,12],
                    "texture": "#black_tile_roof"
                },
                "down": {
                    "uv": [0,0,1,1],
                    "texture": "#black_tile_roof"
                },
                "west": {
                    "uv": [4,1,6,10],
                    "texture": "#black_tile_roof"
                },
                "east": {
                    "uv": [0,0,1,1],
                    "texture": "#black_tile_roof"
                },
                "north": {
                    "uv": [5,8,8,15],
                    "texture": "#black_tile_roof"
                },
                "south": {
                    "texture": "#black_tile_roof"
                }
            }
        },
        {
            "from": [14,0,7],
            "to": [16,7,11],
            "faces": {
                "up": {
                    "uv": [7,9,10,13],
                    "texture": "#black_tile_roof"
                },
                "down": {
                    "uv": [0,0,1,1],
                    "texture": "#black_tile_roof"
                },
                "west": {
                    "texture": "#black_tile_roof"
                },
                "east": {
                    "uv": [0,0,1,1],
                    "texture": "#black_tile_roof"
                },
                "north": {
                    "uv": [4,9,8,13],
                    "texture": "#black_tile_roof"
                }
            }
        },
        {
            "from": [14,0,3],
            "to": [16,5,7],
            "faces": {
                "up": {
                    "uv": [7,7,10,14],
                    "texture": "#black_tile_roof"
                },
                "down": {
                    "uv": [0,0,1,1],
                    "texture": "#black_tile_roof"
                },
                "west": {
                    "texture": "#black_tile_roof"
                },
                "east": {
                    "uv": [0,0,1,1],
                    "texture": "#black_tile_roof"
                },
                "north": {
                    "uv": [5,8,8,13],
                    "texture": "#black_tile_roof"
                }
            }
        },
        {
            "from": [14,0,-1],
            "to": [16,3,3],
            "faces": {
                "up": {
                    "uv": [7,9,10,15],
                    "texture": "#black_tile_roof"
                },
                "down": {
                    "uv": [0,0,1,1],
                    "texture": "#black_tile_roof"
                },
                "west": {
                    "uv": [3,11,5,14],
                    "texture": "#black_tile_roof"
                },
                "east": {
                    "uv": [0,0,1,1],
                    "texture": "#black_tile_roof"
                },
                "north": {
                    "uv": [4,10,8,15],
                    "texture": "#black_tile_roof"
                }
            }
        },
        {
            "from": [6,0,11],
            "to": [10,9,15],
            "faces": {
                "up": {
                    "uv": [7,7,11,16],
                    "texture": "#black_tile_roof",
                    "rotation": 90
                },
                "down": {
                    "uv": [0,0,1,1],
                    "texture": "#black_tile_roof"
                },
                "west": {
                    "uv": [3,4,5,13],
                    "texture": "#black_tile_roof"
                },
                "east": {
                    "uv": [5,0,7,9],
                    "texture": "#black_tile_roof"
                },
                "north": {
                    "uv": [8,7,15,16],
                    "texture": "#black_tile_roof",
                    "rotation": 90
                },
                "south": {
                    "texture": "#black_tile_roof"
                }
            }
        },
        {
            "from": [6,0,7],
            "to": [10,7,11],
            "faces": {
                "up": {
                    "uv": [8,7,15,16],
                    "texture": "#black_tile_roof",
                    "rotation": 90
                },
                "down": {
                    "uv": [0,0,1,1],
                    "texture": "#black_tile_roof"
                },
                "west": {
                    "texture": "#black_tile_roof"
                },
                "east": {
                    "texture": "#black_tile_roof"
                },
                "north": {
                    "uv": [8,7,14,16],
                    "texture": "#black_tile_roof",
                    "rotation": 90
                }
            }
        },
        {
            "from": [6,0,3],
            "to": [10,5,7],
            "faces": {
                "up": {
                    "uv": [7,7,14,16],
                    "texture": "#black_tile_roof",
                    "rotation": 90
                },
                "down": {
                    "uv": [0,0,1,1],
                    "texture": "#black_tile_roof"
                },
                "west": {
                    "texture": "#black_tile_roof"
                },
                "east": {
                    "texture": "#black_tile_roof"
                },
                "north": {
                    "uv": [8,7,13,16],
                    "texture": "#black_tile_roof",
                    "rotation": 90
                }
            }
        },
        {
            "from": [6,0,-1],
            "to": [10,3,3],
            "faces": {
                "up": {
                    "uv": [9,7,15,16],
                    "texture": "#black_tile_roof",
                    "rotation": 90
                },
                "down": {
                    "uv": [0,0,1,1],
                    "texture": "#black_tile_roof"
                },
                "west": {
                    "uv": [3,10,5,13],
                    "texture": "#black_tile_roof"
                },
                "east": {
                    "uv": [2,10,4,13],
                    "texture": "#black_tile_roof"
                },
                "north": {
                    "uv": [8,7,15,16],
                    "texture": "#black_tile_roof",
                    "rotation": 90
                }
            }
        },
        {
            "from": [0,0,15],
            "to": [16,8,16],
            "faces": {
                "up": {
                    "uv": [0,4,16,5],
                    "texture": "#black_tile_roof"
                },
                "down": {
                    "uv": [0,0,1,1],
                    "texture": "#black_tile_roof"
                },
                "west": {
                    "uv": [0,0,1,1],
                    "texture": "#black_tile_roof"
                },
                "east": {
                    "uv": [0,0,1,1],
                    "texture": "#black_tile_roof"
                },
                "south": {
                    "uv": [0,0,1,1],
                    "texture": "#black_tile_roof"
                }
            }
        }
    ]
}