{
    "__createdwith": "opl's Model Creator",
    "ambientocclusion": false,
    "textures": {
        "particle": "chineseworkshop:blocks/black_tile_roof",
        "black_tile_roof": "chineseworkshop:blocks/black_tile_roof"
    },
    "elements": [
        {
            "from": [10,0,8],
            "to": [14,6,11],
            "faces": {
                "up": {
                    "texture": "#black_tile_roof"
                },
                "down": {
                    "uv": [0,0,1,1],
                    "texture": "#black_tile_roof"
                },
                "north": {
                    "uv": [3,2,12,8],
                    "texture": "#black_tile_roof"
                }
            }
        },
        {
            "from": [7,0,4],
            "to": [14,4,8],
            "faces": {
                "up": {
                    "texture": "#black_tile_roof"
                },
                "down": {
                    "uv": [0,0,1,1],
                    "texture": "#black_tile_roof"
                },
                "north": {
                    "uv": [2,3,13,7],
                    "texture": "#black_tile_roof"
                }
            }
        },
        {
            "from": [2,0,0],
            "to": [14,2,4],
            "faces": {
                "up": {
                    "texture": "#black_tile_roof"
                },
                "down": {
                    "uv": [0,0,1,1],
                    "texture": "#black_tile_roof"
                },
                "north": {
                    "uv": [0,4,12,6],
                    "texture": "#black_tile_roof"
                }
            }
        },
        {
            "from": [-1,0,-1],
            "to": [3,3,3],
            "faces": {
                "up": {
                    "uv": [7,7,13,13],
                    "texture": "#black_tile_roof"
                },
                "down": {
                    "uv": [0,0,1,1],
                    "texture": "#black_tile_roof"
                },
                "west": {
                    "uv": [0,0,1,1],
                    "texture": "#black_tile_roof"
                },
                "east": {
                    "uv": [2,11,4,14],
                    "texture": "#black_tile_roof"
                },
                "north": {
                    "uv": [0,0,1,1],
                    "texture": "#black_tile_roof"
                },
                "south": {
                    "uv": [0,0,2,3],
                    "texture": "#black_tile_roof"
                }
            }
        },
        {
            "from": [14,0,7],
            "to": [16,7,11],
            "faces": {
                "up": {
                    "uv": [7,9,11,13],
                    "texture": "#black_tile_roof"
                },
                "down": {
                    "uv": [0,0,1,1],
                    "texture": "#black_tile_roof"
                },
                "west": {
                    "uv": [3,0,5,7],
                    "texture": "#black_tile_roof"
                },
                "east": {
                    "uv": [0,0,1,1],
                    "texture": "#black_tile_roof"
                },
                "north": {
                    "uv": [4,9,8,13],
                    "texture": "#black_tile_roof"
                }
            }
        },
        {
            "from": [14,0,3],
            "to": [16,5,7],
            "faces": {
                "up": {
                    "uv": [7,7,11,13],
                    "texture": "#black_tile_roof"
                },
                "down": {
                    "uv": [0,0,1,1],
                    "texture": "#black_tile_roof"
                },
                "west": {
                    "uv": [7,0,9,5],
                    "texture": "#black_tile_roof"
                },
                "east": {
                    "uv": [0,0,1,1],
                    "texture": "#black_tile_roof"
                },
                "north": {
                    "uv": [4,8,8,13],
                    "texture": "#black_tile_roof"
                }
            }
        },
        {
            "from": [14,0,-1],
            "to": [16,3,3],
            "faces": {
                "up": {
                    "uv": [7,9,11,13],
                    "texture": "#black_tile_roof"
                },
                "down": {
                    "uv": [0,0,1,1],
                    "texture": "#black_tile_roof"
                },
                "west": {
                    "uv": [6,2,8,5],
                    "texture": "#black_tile_roof"
                },
                "east": {
                    "uv": [0,0,1,1],
                    "texture": "#black_tile_roof"
                },
                "north": {
                    "uv": [12,1,16,6],
                    "texture": "#black_tile_roof"
                }
            }
        },
        {
            "from": [11,0,11],
            "to": [16,9,16],
            "faces": {
                "up": {
                    "uv": [7,7,15,15],
                    "texture": "#black_tile_roof"
                },
                "down": {
                    "uv": [0,0,1,1],
                    "texture": "#black_tile_roof"
                },
                "west": {
                    "uv": [0,0,2,16],
                    "texture": "#black_tile_roof"
                },
                "east": {
                    "uv": [0,0,1,1],
                    "texture": "#black_tile_roof"
                },
                "north": {
                    "uv": [5,0,9,7],
                    "texture": "#black_tile_roof"
                },
                "south": {
                    "uv": [0,0,1,1],
                    "texture": "#black_tile_roof"
                }
            }
        },
        {
            "from": [7,0,7],
            "to": [11,7,11],
            "faces": {
                "up": {
                    "uv": [7,7,13,13],
                    "texture": "#black_tile_roof"
                },
                "down": {
                    "uv": [0,0,1,1],
                    "texture": "#black_tile_roof"
                },
                "west": {
                    "uv": [0,0,2,16],
                    "texture": "#black_tile_roof"
                },
                "east": {
                    "uv": [0,0,1,1],
                    "texture": "#black_tile_roof"
                },
                "north": {
                    "uv": [3,0,7,7],
                    "texture": "#black_tile_roof"
                },
                "south": {
                    "uv": [0,0,1,1],
                    "texture": "#black_tile_roof"
                }
            }
        },
        {
            "from": [3,0,3],
            "to": [7,5,7],
            "faces": {
                "up": {
                    "uv": [7,7,13,13],
                    "texture": "#black_tile_roof"
                },
                "down": {
                    "uv": [0,0,1,1],
                    "texture": "#black_tile_roof"
                },
                "west": {
                    "uv": [6,0,9,5],
                    "texture": "#black_tile_roof"
                },
                "east": {
                    "uv": [0,0,1,1],
                    "texture": "#black_tile_roof"
                },
                "north": {
                    "uv": [5,0,9,7],
                    "texture": "#black_tile_roof"
                },
                "south": {
                    "uv": [0,0,1,1],
                    "texture": "#black_tile_roof"
                }
            }
        },
        {
            "from": [7,0,14],
            "to": [11,7,16],
            "faces": {
                "up": {
                    "uv": [9,7,13,12],
                    "texture": "#black_tile_roof"
                },
                "down": {
                    "uv": [0,0,1,1],
                    "texture": "#black_tile_roof"
                },
                "west": {
                    "uv": [7,8,11,15],
                    "texture": "#black_tile_roof"
                },
                "east": {
                    "uv": [0.0,0.0,1.0,1.0],
                    "texture": "#particle"
                },
                "north": {
                    "uv": [5,2,9,6],
                    "texture": "#black_tile_roof"
                },
                "south": {
                    "uv": [0,0,1,1],
                    "texture": "#black_tile_roof"
                }
            }
        },
        {
            "from": [3,0,14],
            "to": [7,5,16],
            "faces": {
                "up": {
                    "uv": [7,7,13,11],
                    "texture": "#black_tile_roof"
                },
                "down": {
                    "uv": [0,0,1,1],
                    "texture": "#black_tile_roof"
                },
                "west": {
                    "uv": [7,8,11,13],
                    "texture": "#black_tile_roof"
                },
                "east": {
                    "uv": [0.0,0.0,1.0,1.0],
                    "texture": "#particle"
                },
                "north": {
                    "uv": [4,2,8,7],
                    "texture": "#black_tile_roof"
                },
                "south": {
                    "uv": [0,0,1,1],
                    "texture": "#black_tile_roof"
                }
            }
        },
        {
            "from": [-1,0,14],
            "to": [3,3,16],
            "faces": {
                "up": {
                    "uv": [9,7,13,11],
                    "texture": "#black_tile_roof"
                },
                "down": {
                    "uv": [0,0,1,1],
                    "texture": "#black_tile_roof"
                },
                "west": {
                    "uv": [7,8,11,13],
                    "texture": "#black_tile_roof"
                },
                "east": {
                    "uv": [0.0,0.0,1.0,1.0],
                    "texture": "#particle"
                },
                "north": {
                    "uv": [4,2,8,7],
                    "texture": "#black_tile_roof"
                },
                "south": {
                    "uv": [0,0,1,1],
                    "texture": "#black_tile_roof"
                }
            }
        },
        {
            "from": [8,0,10],
            "to": [11,6,14],
            "faces": {
                "up": {
                    "uv": [4,0,6,7],
                    "texture": "#black_tile_roof"
                },
                "down": {
                    "uv": [0,0,1,1],
                    "texture": "#black_tile_roof"
                },
                "west": {
                    "uv": [3,0,12,6],
                    "texture": "#black_tile_roof"
                },
                "north": {
                    "texture": "#particle"
                }
            }
        },
        {
            "from": [0,0,2],
            "to": [4,2,14],
            "faces": {
                "up": {
                    "uv": [3,0,5,7],
                    "texture": "#black_tile_roof"
                },
                "down": {
                    "uv": [0,0,1,1],
                    "texture": "#black_tile_roof"
                },
                "west": {
                    "uv": [1,2,14,4],
                    "texture": "#black_tile_roof"
                },
                "north": {
                    "uv": [0.0,4.0,12.0,6.0],
                    "texture": "#particle"
                }
            }
        },
        {
            "from": [4,0,4],
            "to": [8,4,14],
            "faces": {
                "up": {
                    "uv": [3,0,5,6],
                    "texture": "#black_tile_roof"
                },
                "down": {
                    "uv": [0,0,1,1],
                    "texture": "#black_tile_roof"
                },
                "west": {
                    "uv": [2,2,13,6],
                    "texture": "#black_tile_roof"
                },
                "north": {
                    "uv": [3,0,7,6],
                    "texture": "#black_tile_roof"
                }
            }
        }
    ]
}