{
    "__createdwith": "opl's Model Creator",
    "ambientocclusion": false,
    "textures": {
        "StoneLamp": "chineseworkshop:blocks/stone_tower_lamp",
        "particle": "chineseworkshop:blocks/stone_tower_lamp"
    },
	 "display": {
        "gui": {
            "rotation": [ 30, 225, 0 ],
            "translation": [ 0, 0, 0],
            "scale":[ 0.625, 0.625, 0.625 ]
        },
        "ground": {
            "rotation": [ 0, 0, 0 ],
            "translation": [ 0, 3, 0],
            "scale":[ 0.25, 0.25, 0.25 ]
        },
        "fixed": {
            "rotation": [ 0, 0, 0 ],
            "translation": [ 0, 0, 0],
            "scale":[ 0.5, 0.5, 0.5 ]
        },
        "thirdperson_righthand": {
            "rotation": [ 75, 45, 0 ],
            "translation": [ 0, 2.5, 0],
            "scale": [ 0.375, 0.375, 0.375 ]
        },
        "firstperson_righthand": {
            "rotation": [ 0, 45, 0 ],
            "translation": [ 0, 0, 0 ],
            "scale": [ 0.40, 0.40, 0.40 ]
        },
        "firstperson_lefthand": {
            "rotation": [ 0, 225, 0 ],
            "translation": [ 0, 0, 0 ],
            "scale": [ 0.40, 0.40, 0.40 ]
        }
},
    "elements": [
        {
            "from": [5,0,5],
            "to": [11,1,11],
            "faces": {
                "up": {
                    "uv": [1,8,2,9],
                    "texture": "#StoneLamp"
                },
                "down": {
                    "uv": [3,8,6,9],
                    "texture": "#StoneLamp"
                },
                "west": {
                    "uv": [1,8,7,9],
                    "texture": "#StoneLamp"
                },
                "east": {
                    "uv": [3,8,5,9],
                    "texture": "#StoneLamp"
                },
                "north": {
                    "uv": [4,8,6,9],
                    "texture": "#StoneLamp"
                },
                "south": {
                    "uv": [2,8,6,9],
                    "texture": "#StoneLamp"
                }
            }
        },
        {
            "from": [5,1,11],
            "to": [11,2,12],
            "faces": {
                "up": {
                    "uv": [4,7,10,8],
                    "texture": "#StoneLamp"
                },
                "down": {
                    "uv": [4,7,10,8],
                    "texture": "#StoneLamp"
                },
                "west": {
                    "uv": [9,7,10,8],
                    "texture": "#StoneLamp"
                },
                "east": {
                    "uv": [8,7,9,8],
                    "texture": "#StoneLamp"
                },
                "north": {
                    "uv": [2,8,6,9],
                    "texture": "#StoneLamp"
                },
                "south": {
                    "uv": [5,7,11,8],
                    "texture": "#StoneLamp"
                }
            }
        },
        {
            "from": [11,1,5],
            "to": [12,2,11],
            "faces": {
                "up": {
                    "uv": [11,7,12,8],
                    "texture": "#StoneLamp"
                },
                "down": {
                    "uv": [7,8,8,14],
                    "texture": "#StoneLamp"
                },
                "west": {
                    "uv": [4,8,5,9],
                    "texture": "#StoneLamp"
                },
                "east": {
                    "uv": [4,7,10,8],
                    "texture": "#StoneLamp"
                },
                "north": {
                    "uv": [9,7,10,8],
                    "texture": "#StoneLamp"
                },
                "south": {
                    "uv": [8,7,9,8],
                    "texture": "#StoneLamp"
                }
            }
        },
        {
            "from": [5,1,4],
            "to": [11,2,5],
            "faces": {
                "up": {
                    "uv": [4,7,10,8],
                    "texture": "#StoneLamp"
                },
                "down": {
                    "uv": [4,7,10,8],
                    "texture": "#StoneLamp"
                },
                "west": {
                    "uv": [3,7,4,8],
                    "texture": "#StoneLamp"
                },
                "east": {
                    "uv": [4,7,5,8],
                    "texture": "#StoneLamp"
                },
                "north": {
                    "uv": [5,7,11,8],
                    "texture": "#StoneLamp"
                },
                "south": {
                    "uv": [4,8,6,9],
                    "texture": "#StoneLamp"
                }
            }
        },
        {
            "from": [4,1,5],
            "to": [5,2,11],
            "faces": {
                "up": {
                    "uv": [4,7,5,8],
                    "texture": "#StoneLamp"
                },
                "down": {
                    "uv": [7,8,8,14],
                    "texture": "#StoneLamp"
                },
                "west": {
                    "uv": [5,7,11,8],
                    "texture": "#StoneLamp"
                },
                "east": {
                    "uv": [5,8,7,9],
                    "texture": "#StoneLamp"
                },
                "north": {
                    "uv": [3,7,4,8],
                    "texture": "#StoneLamp"
                },
                "south": {
                    "uv": [4,7,5,8],
                    "texture": "#StoneLamp"
                }
            }
        },
        {
            "from": [7,1,7],
            "to": [9,6,9],
            "faces": {
                "west": {
                    "uv": [8,10,9,11],
                    "texture": "#StoneLamp"
                },
                "east": {
                    "uv": [8,10,9,11],
                    "texture": "#StoneLamp"
                },
                "north": {
                    "uv": [8,10,9,11],
                    "texture": "#StoneLamp"
                },
                "south": {
                    "uv": [8,10,9,11],
                    "texture": "#StoneLamp"
                }
            }
        },
        {
            "from": [7,6,7],
            "to": [9,7,9],
            "faces": {
                "up": {
                    "uv": [10,9,12,11],
                    "texture": "#StoneLamp"
                },
                "west": {
                    "uv": [10,9,11,10],
                    "texture": "#StoneLamp"
                },
                "east": {
                    "uv": [10,9,11,10],
                    "texture": "#StoneLamp"
                },
                "north": {
                    "uv": [10,9,11,10],
                    "texture": "#StoneLamp"
                },
                "south": {
                    "uv": [10,9,11,10],
                    "texture": "#StoneLamp"
                }
            }
        }
    ]
}