{
    "__createdwith": "opl's Model Creator",
    "ambientocclusion": false,
    "textures": {
        "wood": "chineseworkshop:blocks/wood",
        "particle": "chineseworkshop:blocks/wood"
    },
	"display": {
        "gui": {	
            "rotation": [ 30, 225, 0 ],
            "translation": [ 0, 0, 0],
            "scale":[ 0.625, 0.625, 0.625 ]
        },
        "ground": {
            "rotation": [ 0, 0, 0 ],
            "translation": [ 0, 3, 0],
            "scale":[ 0.25, 0.25, 0.25 ]
        },
        "fixed": {
            "rotation": [ 0, 0, 0 ],
            "translation": [ 0, 0, 0],
            "scale":[ 0.5, 0.5, 0.5 ]
        },
        "thirdperson_righthand": {
            "rotation": [ 75, 45, 0 ],
            "translation": [ 0, 2.5, 0],
            "scale": [ 0.375, 0.375, 0.375 ]
        },
        "firstperson_righthand": {
            "rotation": [ 0, 45, 0 ],
            "translation": [ 0, 0, 0 ],
            "scale": [ 0.40, 0.40, 0.40 ]
        },
        "firstperson_lefthand": {
            "rotation": [ 0, 225, 0 ],
            "translation": [ 0, 0, 0 ],
            "scale": [ 0.40, 0.40, 0.40 ]
        }
},
    "elements": [
        {
            "from": [0,4,5],
            "to": [16,5,11],
            "faces": {
                "up": {
                    "texture": "#wood"
                },
                "down": {
                    "texture": "#wood"
                },
                "west": {
                    "texture": "#wood"
                },
                "east": {
                    "texture": "#wood"
                },
                "north": {
                    "texture": "#wood"
                },
                "south": {
                    "texture": "#wood"
                }
            }
        },
        {
            "from": [0,14,5],
            "to": [16,16,11],
            "faces": {
                "up": {
                    "texture": "#wood"
                },
                "down": {
                    "texture": "#wood"
                },
                "west": {
                    "texture": "#wood"
                },
                "east": {
                    "texture": "#wood"
                },
                "north": {
                    "texture": "#wood"
                },
                "south": {
                    "texture": "#wood"
                }
            }
        },
        {
            "from": [0,12,6],
            "to": [3,13,10],
            "faces": {
                "up": {
                    "texture": "#wood"
                },
                "down": {
                    "texture": "#wood"
                },
                "west": {
                    "texture": "#wood"
                },
                "east": {
                    "texture": "#wood"
                },
                "north": {
                    "texture": "#wood"
                },
                "south": {
                    "texture": "#wood"
                }
            }
        },
        {
            "from": [2,8,6],
            "to": [3,12,10],
            "faces": {
                "down": {
                    "texture": "#wood"
                },
                "west": {
                    "texture": "#wood"
                },
                "east": {
                    "texture": "#wood"
                },
                "north": {
                    "texture": "#wood"
                },
                "south": {
                    "texture": "#wood"
                }
            }
        },
        {
            "from": [3,7,6],
            "to": [6,8,10],
            "faces": {
                "up": {
                    "texture": "#wood"
                },
                "down": {
                    "texture": "#wood"
                },
                "west": {
                    "texture": "#wood"
                },
                "east": {
                    "texture": "#wood"
                },
                "north": {
                    "texture": "#wood"
                },
                "south": {
                    "texture": "#wood"
                }
            }
        },
        {
            "from": [6,8,6],
            "to": [7,11,10],
            "faces": {
                "up": {
                    "texture": "#wood"
                },
                "down": {
                    "texture": "#wood"
                },
                "west": {
                    "texture": "#wood"
                },
                "east": {
                    "texture": "#wood"
                },
                "north": {
                    "texture": "#wood"
                },
                "south": {
                    "texture": "#wood"
                }
            }
        },
        {
            "from": [4,11,6],
            "to": [6,12,10],
            "faces": {
                "up": {
                    "texture": "#wood"
                },
                "down": {
                    "texture": "#wood"
                },
                "west": {
                    "texture": "#wood"
                },
                "east": {
                    "texture": "#wood"
                },
                "north": {
                    "texture": "#wood"
                },
                "south": {
                    "texture": "#wood"
                }
            }
        },
        {
            "from": [13,6,6],
            "to": [16,7,10],
            "faces": {
                "up": {
                    "texture": "#wood"
                },
                "down": {
                    "texture": "#wood"
                },
                "west": {
                    "texture": "#wood"
                },
                "east": {
                    "texture": "#wood"
                },
                "north": {
                    "texture": "#wood"
                },
                "south": {
                    "texture": "#wood"
                }
            }
        },
        {
            "from": [13,7,6],
            "to": [14,11,10],
            "faces": {
                "up": {
                    "texture": "#wood"
                },
                "west": {
                    "texture": "#wood"
                },
                "east": {
                    "texture": "#wood"
                },
                "north": {
                    "texture": "#wood"
                },
                "south": {
                    "texture": "#wood"
                }
            }
        },
        {
            "from": [10,11,6],
            "to": [13,12,10],
            "faces": {
                "up": {
                    "texture": "#wood"
                },
                "down": {
                    "texture": "#wood"
                },
                "west": {
                    "texture": "#wood"
                },
                "east": {
                    "texture": "#wood"
                },
                "north": {
                    "texture": "#wood"
                },
                "south": {
                    "texture": "#wood"
                }
            }
        },
        {
            "from": [9,8,6],
            "to": [10,11,10],
            "faces": {
                "up": {
                    "texture": "#wood"
                },
                "down": {
                    "texture": "#wood"
                },
                "west": {
                    "texture": "#wood"
                },
                "east": {
                    "texture": "#wood"
                },
                "north": {
                    "texture": "#wood"
                },
                "south": {
                    "texture": "#wood"
                }
            }
        },
        {
            "from": [10,7,6],
            "to": [12,8,10],
            "faces": {
                "up": {
                    "texture": "#wood"
                },
                "down": {
                    "texture": "#wood"
                },
                "west": {
                    "texture": "#wood"
                },
                "east": {
                    "texture": "#wood"
                },
                "north": {
                    "texture": "#wood"
                },
                "south": {
                    "texture": "#wood"
                }
            }
        },
        {
            "from": [4,12,6],
            "to": [5,14,10],
            "faces": {
                "west": {
                    "texture": "#wood"
                },
                "east": {
                    "texture": "#wood"
                },
                "north": {
                    "texture": "#wood"
                },
                "south": {
                    "texture": "#wood"
                }
            }
        },
        {
            "from": [10,5,6],
            "to": [11,7,10],
            "faces": {
                "west": {
                    "texture": "#wood"
                },
                "east": {
                    "texture": "#wood"
                },
                "north": {
                    "texture": "#wood"
                },
                "south": {
                    "texture": "#wood"
                }
            }
        },
        {
            "from": [3,5,6],
            "to": [4,7,10],
            "faces": {
                "west": {
                    "texture": "#wood"
                },
                "east": {
                    "texture": "#wood"
                },
                "north": {
                    "texture": "#wood"
                },
                "south": {
                    "texture": "#wood"
                }
            }
        },
        {
            "from": [12,12,6],
            "to": [13,14,10],
            "faces": {
                "west": {
                    "texture": "#wood"
                },
                "east": {
                    "texture": "#wood"
                },
                "north": {
                    "texture": "#wood"
                },
                "south": {
                    "texture": "#wood"
                }
            }
        },
        {
            "from": [0,10,6],
            "to": [1,12,10],
            "faces": {
                "down": {
                    "texture": "#wood"
                },
                "west": {
                    "texture": "#wood"
                },
                "east": {
                    "texture": "#wood"
                },
                "north": {
                    "texture": "#wood"
                },
                "south": {
                    "texture": "#wood"
                }
            }
        },
        {
            "from": [15,7,6],
            "to": [16,9,10],
            "faces": {
                "up": {
                    "texture": "#wood"
                },
                "west": {
                    "texture": "#wood"
                },
                "east": {
                    "texture": "#wood"
                },
                "north": {
                    "texture": "#wood"
                },
                "south": {
                    "texture": "#wood"
                }
            }
        }
    ]
}