{
    "__createdwith": "opl's Model Creator",
    "ambientocclusion": false,
    "textures": {
        "doors_upper": "chineseworkshop:blocks/doors_upper",
        "particle": "chineseworkshop:blocks/doors_upper"
    },
    "elements": [
        {
            "from": [14,0,-3],
            "to": [16,16,13],
            "faces": {
                "up": {
                    "uv": [0.0,0.0,2.0,16.0],
                    "texture": "#doors_upper"
                },
                "west": {
                    "uv": [0.0,0.0,16.0,16.0],
                    "texture": "#doors_upper"
                },
                "east": {
                    "uv": [0.0,0.0,16.0,16.0],
                    "texture": "#doors_upper"
                },
                "north": {
                    "texture": "#doors_upper"
                },
                "south": {
                    "texture": "#doors_upper"
                }
            }
        }
    ]
}