{
"textures": {
    "particle": "chineseworkshop:blocks/blocks/doors_upper",
    "doors_upper": "chineseworkshop:blocks/blocks/doors_upper"
},
"display": {
        "gui": {
            "rotation": [ 30, 225, 0 ],
            "translation": [ 0, 0, 0],
            "scale":[ 0.625, 0.625, 0.625 ]
        },
        "ground": {
            "rotation": [ 0, 0, 0 ],
            "translation": [ 0, 3, 0],
            "scale":[ 0.25, 0.25, 0.25 ]
        },
        "fixed": {
            "rotation": [ 0, 0, 0 ],
            "translation": [ 0, 0, 0],
            "scale":[ 0.5, 0.5, 0.5 ]
        },
        "thirdperson_righthand": {
            "rotation": [ 75, 45, 0 ],
            "translation": [ 0, 2.5, 0],
            "scale": [ 0.375, 0.375, 0.375 ]
        },
        "firstperson_righthand": {
            "rotation": [ 0, 45, 0 ],
            "translation": [ 0, 0, 0 ],
            "scale": [ 0.40, 0.40, 0.40 ]
        },
        "firstperson_lefthand": {
            "rotation": [ 0, 225, 0 ],
            "translation": [ 0, 0, 0 ],
            "scale": [ 0.40, 0.40, 0.40 ]
        }
},
"elements": [ 
{
    "from": [ 7, 0, 0 ],
    "to": [ 9, 16, 16 ],
    "faces": {
        "down":  { "uv": [ 6, 0, 7, 16 ], "texture": "#doors_upper" },
        "up":    { "uv": [ 6, 0, 7, 16 ], "texture": "#doors_upper" },
        "north": { "uv": [ 6, 0, 7, 16 ], "texture": "#doors_upper" },
        "south": { "uv": [ 6, 0, 7, 16 ], "texture": "#doors_upper" },
        "west":  { "uv": [ 0, 0, 16, 16 ], "texture": "#doors_upper" },
        "east":  { "uv": [ 0, 0, 16, 16 ], "texture": "#doors_upper" }
    }
}
]
}