{
"textures": {
    "particle": "chineseworkshop:blocks/blocks/doors_lower",
    "doors_lower": "chineseworkshop:blocks/blocks/doors_lower"
},
"elements": [ 
{
    "from": [ 7, -7.5, 0 ],
    "to": [ 23, 16, 2 ],
    "faces": {
        "down":  { "uv": [ 3, 1, 4, 2 ], "texture": "#doors_lower" },
        "up":    { "uv": [ 3, 1, 4, 2 ], "texture": "#doors_lower" },
        "north": { "uv": [ 0, 0, 16, 16 ], "texture": "#doors_lower" },
        "south": { "uv": [ 0, 0, 16, 16 ], "texture": "#doors_lower" },
        "west":  { "uv": [ 3, 1, 4, 2 ], "texture": "#doors_lower" },
        "east":  { "uv": [ 3, 1, 4, 2 ], "texture": "#doors_lower" }
    }
}
]
}