{
"textures": {
    "particle": "chineseworkshop:blocks/blocks/doors_upper",
    "doors_upper": "chineseworkshop:blocks/blocks/doors_upper"
},
"elements": [ 
{
    "from": [ 7, 0, 0 ],
    "to": [ 23, 16, 2 ],
    "faces": {
        "down":  { "uv": [ 3, 2, 4, 3 ], "texture": "#doors_upper" },
        "up":    { "uv": [ 3, 2, 4, 3 ], "texture": "#doors_upper" },
        "north": { "uv": [ 0, 0, 16, 16 ], "texture": "#doors_upper" },
        "south": { "uv": [ 0, 0, 16, 16 ], "texture": "#doors_upper" },
        "west":  { "uv": [ 3, 2.5, 4, 3.5 ], "texture": "#doors_upper" },
        "east":  { "uv": [ 3, 2.5, 4, 3.5 ], "texture": "#doors_upper" }
    }
}
]
}