{
"__comment": "Designed by Flashtt with BDcraft Cubik PRO 0.95 Beta - http://bdcraft.net",
"textures": {
    "particle": "chineseworkshop:blocks/wood",
    "texture": "chineseworkshop:blocks/wood",
    "log_oak": "chineseworkshop:blocks/log_oak"
},
"elements": [ 
{
    "from": [ 7, 15, 1.5 ],
    "to": [ 9, 16, 7.5 ],
    "faces": {
        "down":  { "uv": [ 9, 6.5, 7, 0 ], "texture": "#texture" },
        "up":    { "uv": [ 7, 0, 9, 6.5 ], "texture": "#texture" },
        "north": { "uv": [ 7, 0, 9, 1 ], "texture": "#texture" },
        "south": { "uv": [ 7, 0, 9, 1 ], "texture": "#texture" },
        "west":  { "uv": [ 0, 0, 6.5, 1 ], "texture": "#texture" },
        "east":  { "uv": [ 9.5, 0, 16, 1 ], "texture": "#texture" }
    }
},
{
    "from": [ 7, 7, 1.5 ],
    "to": [ 9, 8, 6 ],
    "faces": {
        "down":  { "uv": [ 9, 6.5, 7, 2.5 ], "texture": "#texture" },
        "up":    { "uv": [ 7, 2.5, 9, 6.5 ], "texture": "#texture" },
        "north": { "uv": [ 7, 10, 9, 11 ], "texture": "#texture" },
        "south": { "uv": [ 7, 10, 9, 11 ], "texture": "#texture" },
        "west":  { "uv": [ 2.5, 10, 6.5, 11 ], "texture": "#texture" },
        "east":  { "uv": [ 9.5, 10, 13.5, 11 ], "texture": "#texture" }
    }
},
{
    "from": [ 7, 8, 5 ],
    "to": [ 9, 10, 6 ],
    "faces": {
        "down":  { "uv": [ 9, 3.5, 7, 2.5 ], "texture": "#texture" },
        "up":    { "uv": [ 7, 2.5, 9, 3.5 ], "texture": "#texture" },
        "north": { "uv": [ 7, 7.5, 9, 10 ], "texture": "#texture" },
        "south": { "uv": [ 7, 7.5, 9, 10 ], "texture": "#texture" },
        "west":  { "uv": [ 2.5, 7.5, 3.5, 10 ], "texture": "#texture" },
        "east":  { "uv": [ 12.5, 7.5, 13.5, 10 ], "texture": "#texture" }
    }
},
{
    "from": [ 7, 9, 2.5 ],
    "to": [ 9, 10, 5 ],
    "faces": {
        "down":  { "uv": [ 9, 5.5, 7, 3.5 ], "texture": "#texture" },
        "up":    { "uv": [ 7, 3.5, 9, 5.5 ], "texture": "#texture" },
        "north": { "uv": [ 7, 7.5, 9, 8.5 ], "texture": "#texture" },
        "south": { "uv": [ 7, 7.5, 9, 8.5 ], "texture": "#texture" },
        "west":  { "uv": [ 3.5, 7.5, 5.5, 8.5 ], "texture": "#texture" },
        "east":  { "uv": [ 10.5, 7.5, 12.5, 8.5 ], "texture": "#texture" }
    }
},
{
    "from": [ 7, 8, 6 ],
    "to": [ 9, 9, 7.5 ],
    "faces": {
        "down":  { "uv": [ 9, 2.5, 7, 0 ], "texture": "#texture" },
        "up":    { "uv": [ 7, 0, 9, 2.5 ], "texture": "#texture" },
        "north": { "uv": [ 7, 8.5, 9, 9.5 ], "texture": "#texture" },
        "south": { "uv": [ 7, 8.5, 9, 9.5 ], "texture": "#texture" },
        "west":  { "uv": [ 0, 8.5, 2.5, 9.5 ], "texture": "#texture" },
        "east":  { "uv": [ 13.5, 8.5, 16, 9.5 ], "texture": "#texture" }
    }
},
{
    "from": [ 7, 11, 5 ],
    "to": [ 9, 12, 7.5 ],
    "faces": {
        "down":  { "uv": [ 9, 3.5, 7, 1 ], "texture": "#texture" },
        "up":    { "uv": [ 7, 1, 9, 3.5 ], "texture": "#texture" },
        "north": { "uv": [ 7, 6.5, 9, 7.5 ], "texture": "#texture" },
        "south": { "uv": [ 7, 6.5, 9, 7.5 ], "texture": "#texture" },
        "west":  { "uv": [ 1, 6.5, 3.5, 7.5 ], "texture": "#texture" },
        "east":  { "uv": [ 12.5, 6.5, 15, 7.5 ], "texture": "#texture" }
    }
},
{
    "from": [ 7, 12, 6.5 ],
    "to": [ 9, 14, 7.5 ],
    "faces": {
        "down":  { "uv": [ 9, 2, 7, 1 ], "texture": "#texture" },
        "up":    { "uv": [ 7, 1, 9, 2 ], "texture": "#texture" },
        "north": { "uv": [ 7, 3, 9, 6.5 ], "texture": "#texture" },
        "south": { "uv": [ 7, 3, 9, 6.5 ], "texture": "#texture" },
        "west":  { "uv": [ 1, 3, 2, 6.5 ], "texture": "#texture" },
        "east":  { "uv": [ 14, 3, 15, 6.5 ], "texture": "#texture" }
    }
},
{
    "from": [ 7, 13, 4 ],
    "to": [ 9, 14, 6.5 ],
    "faces": {
        "down":  { "uv": [ 9, 5, 7, 2 ], "texture": "#texture" },
        "up":    { "uv": [ 7, 2, 9, 5 ], "texture": "#texture" },
        "north": { "uv": [ 7, 3, 9, 4 ], "texture": "#texture" },
        "south": { "uv": [ 7, 3, 9, 4 ], "texture": "#texture" },
        "west":  { "uv": [ 2, 3, 5, 4 ], "texture": "#texture" },
        "east":  { "uv": [ 11, 3, 14, 4 ], "texture": "#texture" }
    }
},
{
    "from": [ 7, 14, 4 ],
    "to": [ 9, 15, 5 ],
    "faces": {
        "down":  { "uv": [ 9, 5, 7, 4 ], "texture": "#texture" },
        "up":    { "uv": [ 7, 4, 9, 5 ], "texture": "#texture" },
        "north": { "uv": [ 7, 1, 9, 3 ], "texture": "#texture" },
        "south": { "uv": [ 7, 1, 9, 3 ], "texture": "#texture" },
        "west":  { "uv": [ 4, 1, 5, 3 ], "texture": "#texture" },
        "east":  { "uv": [ 11, 1, 12, 3 ], "texture": "#texture" }
    }
},
{
    "from": [ 7, 10, 2.5 ],
    "to": [ 9, 12, 3.5 ],
    "faces": {
        "down":  { "uv": [ 9, 5.5, 7, 4.5 ], "texture": "#texture" },
        "up":    { "uv": [ 7, 4.5, 9, 5.5 ], "texture": "#texture" },
        "north": { "uv": [ 7, 5.5, 9, 7.5 ], "texture": "#texture" },
        "south": { "uv": [ 7, 5.5, 9, 7.5 ], "texture": "#texture" },
        "west":  { "uv": [ 4.5, 5.5, 5.5, 7.5 ], "texture": "#texture" },
        "east":  { "uv": [ 10.5, 5.5, 11.5, 7.5 ], "texture": "#texture" }
    }
},
{
    "from": [ 7, 11, 1.5 ],
    "to": [ 9, 12, 2.5 ],
    "faces": {
        "down":  { "uv": [ 9, 6.5, 7, 5.5 ], "texture": "#texture" },
        "up":    { "uv": [ 7, 5.5, 9, 6.5 ], "texture": "#texture" },
        "north": { "uv": [ 7, 5.5, 9, 6.5 ], "texture": "#texture" },
        "south": { "uv": [ 7, 5.5, 9, 6.5 ], "texture": "#texture" },
        "west":  { "uv": [ 5.5, 5.5, 6.5, 6.5 ], "texture": "#texture" },
        "east":  { "uv": [ 9.5, 5.5, 10.5, 6.5 ], "texture": "#texture" }
    }
},
{
    "from": [ 6.5, 6.5, 0 ],
    "to": [ 9.5, 16, 1.5 ],
    "faces": {
        "down":  { "uv": [ 9.5, 2, 6.5, 0 ], "texture": "#log_oak" },
        "up":    { "uv": [ 6.5, 0, 9.5, 2 ], "texture": "#log_oak" },
        "north": { "uv": [ 6.5, 0, 9.5, 12 ], "texture": "#log_oak" },
        "south": { "uv": [ 6.5, 0, 9.5, 12 ], "texture": "#log_oak" },
        "west":  { "uv": [ 0, 0, 2, 12 ], "texture": "#log_oak" },
        "east":  { "uv": [ 14, 0, 16, 12 ], "texture": "#log_oak" }
    }
},
{
    "from": [ 7, 6, 0 ],
    "to": [ 9, 6.5, 1 ],
    "faces": {
        "down":  { "uv": [ 9, 1.5, 7, 0 ], "texture": "#texture" },
        "up":    { "uv": [ 7, 0, 9, 1.5 ], "texture": "#texture" },
        "north": { "uv": [ 7, 12, 9, 12.5 ], "texture": "#texture" },
        "south": { "uv": [ 7, 12, 9, 12.5 ], "texture": "#texture" },
        "west":  { "uv": [ 0, 12, 1.5, 12.5 ], "texture": "#texture" },
        "east":  { "uv": [ 14.5, 12, 16, 12.5 ], "texture": "#texture" }
    }
},
{
    "from": [ 6.5, 3.5, 0 ],
    "to": [ 9.5, 6, 1.5 ],
    "faces": {
        "down":  { "uv": [ 9.5, 2, 6.5, 0 ], "texture": "#log_oak" },
        "up":    { "uv": [ 6.5, 0, 9.5, 2 ], "texture": "#log_oak" },
        "north": { "uv": [ 6.5, 12.5, 9.5, 15.5 ], "texture": "#log_oak" },
        "south": { "uv": [ 6.5, 12.5, 9.5, 15.5 ], "texture": "#log_oak" },
        "west":  { "uv": [ 0, 12.5, 2, 15.5 ], "texture": "#log_oak" },
        "east":  { "uv": [ 14, 12.5, 16, 15.5 ], "texture": "#log_oak" }
    }
}
]
}