{
    "__createdwith": "opl's Model Creator",
    "ambientocclusion": false,
    "textures": {
        "doors_upper": "chineseworkshop:blocks/doors_upper",
        "particle": "chineseworkshop:blocks/doors_upper"
    },
    "elements": [
        {
            "from": [10,0,0],
            "to": [12,16,16],
            "faces": {
                "up": {
                    "texture": "#doors_upper"
                },
                "west": {
                    "texture": "#doors_upper"
                },
                "east": {
                    "texture": "#doors_upper"
                },
                "north": {
                    "texture": "#doors_upper"
                },
                "south": {
                    "texture": "#doors_upper"
                }
            }
        }
    ]
}