{
    "__createdwith": "opl's Model Creator",
    "ambientocclusion": false,
    "textures": {
        "doors_upper": "chineseworkshop:blocks/doors_upper",
        "particle": "chineseworkshop:blocks/doors_upper"
    },
    "elements": [
        {
            "from": [4,0,9],
            "to": [6,16,24],
            "faces": {
                "up": {
                    "uv": [4,0,6,15],
                    "texture": "#doors_upper"
                },
                "west": {
                    "uv": [1,0,16,16],
                    "texture": "#doors_upper"
                },
                "east": {
                    "uv": [16,0,1,16],
                    "texture": "#doors_upper"
                },
                "south": {
                    "texture": "#doors_upper"
                }
            }
        },
        {
            "from": [4,0,0],
            "to": [6,16,9],
            "faces": {
                "up": {
                    "texture": "#doors_upper"
                },
                "west": {
                    "uv": [1,0,10,16],
                    "texture": "#doors_upper"
                },
                "east": {
                    "uv": [3,0,12,16],
                    "texture": "#doors_upper"
                },
                "north": {
                    "texture": "#doors_upper"
                }
            }
        }
    ]
}