{
    "__createdwith": "opl's Model Creator",
    "ambientocclusion": false,
    "textures": {
        "doors_lower": "chineseworkshop:blocks/doors_lower",
        "particle": "chineseworkshop:blocks/doors_lower"
    },
    "elements": [
        {
            "from": [4,0,9],
            "to": [6,16,24],
            "faces": {
                "west": {
                    "uv": [1,0,16,16],
                    "texture": "#doors_lower"
                },
                "east": {
                    "uv": [16,0,1,16],
                    "texture": "#doors_lower"
                },
                "south": {
                    "texture": "#doors_lower"
                }
            }
        },
        {
            "from": [4,-8,9],
            "to": [6,0,24],
            "faces": {
                "down": {
                    "uv": [0,0,2,16],
                    "texture": "#doors_lower"
                },
                "west": {
                    "uv": [1,6,16,14],
                    "texture": "#doors_lower"
                },
                "east": {
                    "uv": [16,6,1,14],
                    "texture": "#doors_lower"
                },
                "south": {
                    "uv": [7,6,9,14],
                    "texture": "#doors_lower"
                }
            }
        },
        {
            "from": [4,0,0],
            "to": [6,16,9],
            "faces": {
                "west": {
                    "uv": [1,0,10,16],
                    "texture": "#doors_lower"
                },
                "east": {
                    "uv": [10,0,1,16],
                    "texture": "#doors_lower"
                },
                "north": {
                    "texture": "#doors_lower"
                }
            }
        },
        {
            "from": [4,-8,0],
            "to": [6,0,9],
            "faces": {
                "down": {
                    "texture": "#doors_lower"
                },
                "west": {
                    "uv": [1,6,10,14],
                    "texture": "#doors_lower"
                },
                "east": {
                    "uv": [10,6,1,14],
                    "texture": "#doors_lower"
                },
                "north": {
                    "uv": [4,0,6,8],
                    "texture": "#doors_lower"
                }
            }
        }
    ]
}