{
    "__createdwith": "opl's Model Creator",
    "ambientocclusion": false,
    "textures": {
        "doors_lower": "chineseworkshop:blocks/doors_lower",
        "particle": "chineseworkshop:blocks/doors_lower"
    },
    "elements": [
        {
            "from": [0,0,-4],
            "to": [2,16,12],
            "faces": {
                "west": {
                    "uv": [16.0,0.0,0.0,16.0],
                    "texture": "#doors_lower"
                },
                "east": {
                    "uv": [0.0,0.0,16.0,16.0],
                    "texture": "#doors_lower"
                },
                "north": {
                    "uv": [9.0,0.0,11.0,16.0],
                    "texture": "#doors_lower"
                },
                "south": {
                    "texture": "#doors_lower"
                }
            }
        },
        {
            "from": [0,-8,-4],
            "to": [2,0,12],
            "faces": {
                "down": {
                    "texture": "#doors_lower"
                },
                "west": {
                    "uv": [16.0,6.0,0.0,14.0],
                    "texture": "#doors_lower"
                },
                "east": {
                    "uv": [0.0,6.0,16.0,14.0],
                    "texture": "#doors_lower"
                },
                "north": {
                    "uv": [9.0,6.0,11.0,14.0],
                    "texture": "#doors_lower"
                },
                "south": {
                    "uv": [7.0,6.0,9.0,14.0],
                    "texture": "#doors_lower"
                }
            }
        }
    ]
}