{
"__comment": "Designed by Flashtt with BDcraft Cubik PRO 0.95 Beta - http://bdcraft.net",
"textures": {
    "particle": "chineseworkshop:blocks/log_oak",
    "texture": "chineseworkshop:blocks/log_oak"
},
"display": {
        "gui": {
            "rotation": [ 30, 225, 0 ],
            "translation": [ 0, 0, 0],
            "scale":[ 0.625, 0.625, 0.625 ]
        },
        "ground": {
            "rotation": [ 0, 0, 0 ],
            "translation": [ 0, 3, 0],
            "scale":[ 0.25, 0.25, 0.25 ]
        },
        "fixed": {
            "rotation": [ 0, 0, 0 ],
            "translation": [ 0, 0, 0],
            "scale":[ 0.5, 0.5, 0.5 ]
        },
        "thirdperson_righthand": {
            "rotation": [ 75, 45, 0 ],
            "translation": [ 0, 2.5, 0],
            "scale": [ 0.375, 0.375, 0.375 ]
        },
        "firstperson_righthand": {
            "rotation": [ 0, 45, 0 ],
            "translation": [ 0, 0, 0 ],
            "scale": [ 0.40, 0.40, 0.40 ]
        },
        "firstperson_lefthand": {
            "rotation": [ 0, 225, 0 ],
            "translation": [ 0, 0, 0 ],
            "scale": [ 0.40, 0.40, 0.40 ]
        }
},
"elements": [ 
{
    "from": [ 6.5, 0, 6.5 ],
    "to": [ 9.5, 15, 9.5 ],
    "faces": {
        "down":  { "uv": [ 10, 10, 6, 6 ], "texture": "#texture" },
        "up":    { "uv": [ 6, 6, 10, 10 ], "texture": "#texture" },
        "north": { "uv": [ 0, 1, 4, 14 ], "texture": "#texture" },
        "south": { "uv": [ 0, 1, 4, 14 ], "texture": "#texture" },
        "west":  { "uv": [ 0, 1, 4, 14 ], "texture": "#texture" },
        "east":  { "uv": [ 0, 1, 4, 14 ], "texture": "#texture" }
    }
},
{
    "from": [ 7, 15, 7 ],
    "to": [ 9, 15.5, 9 ],
    "faces": {
        "down":  { "uv": [ 9.5, 9.5, 6.5, 6.5 ], "texture": "#texture" },
        "up":    { "uv": [ 6.5, 6.5, 9.5, 9.5 ], "texture": "#texture" },
        "north": { "uv": [ 6.5, 1, 9.5, 1.5 ], "texture": "#texture" },
        "south": { "uv": [ 6.5, 1, 9.5, 1.5 ], "texture": "#texture" },
        "west":  { "uv": [ 6.5, 1, 9.5, 1.5 ], "texture": "#texture" },
        "east":  { "uv": [ 6.5, 1, 9.5, 1.5 ], "texture": "#texture" }
    }
},
{
    "from": [ 6.5, 15.5, 6.5 ],
    "to": [ 9.5, 19, 9.5 ],
    "faces": {
        "down":  { "uv": [ 8, 6.5, 4, 2.5 ], "texture": "#texture" },
        "up":    { "uv": [ 5.5, 5, 9.5, 9 ], "texture": "#texture" },
        "north": { "uv": [ 0, 11, 4, 14 ], "texture": "#texture" },
        "south": { "uv": [ 0, 11, 4, 14 ], "texture": "#texture" },
        "west":  { "uv": [ 0, 11, 4, 14 ], "texture": "#texture" },
        "east":  { "uv": [ 0, 11, 4, 14 ], "texture": "#texture" }
    }
}
]
}