{
"__comment": "Designed by Flashtt with BDcraft Cubik PRO 0.95 Beta - http://bdcraft.net",
"textures": {
    "particle": "chineseworkshop:blocks/paper_window",
    "texture": "chineseworkshop:blocks/paper_window"
},
"elements": [ 
{
    "from": [ 7, 0, 0 ],
    "to": [ 9, 16, 7 ],
    "faces": {
        "down":  { "uv": [ 9, 14, 7, 7 ], "texture": "#texture" },
        "up":    { "uv": [ 7, 7.5, 9, 14.5 ], "texture": "#texture" },
        "north": { "uv": [ 7, 0, 9, 16 ], "texture": "#texture" },
        "south": { "uv": [ 7, 0, 9, 16 ], "texture": "#texture" },
        "west":  { "uv": [ 0, 0, 7, 16 ], "texture": "#texture" },
        "east":  { "uv": [ 9, 0, 16, 16 ], "texture": "#texture" }
    }
}
]
}