{
    "__createdwith": "opl's Model Creator",
    "ambientocclusion": false,
    "textures": {
        "particle": "chineseworkshop:blocks/black_tile_roof",
        "block": "chineseworkshop:blocks/black_tile_roof"
    },
	"display": {
        "gui": {
            "rotation": [ 30, 225, 0 ],
            "translation": [ 0, 0, 0],
            "scale":[ 0.625, 0.625, 0.625 ]
        },
        "ground": {
            "rotation": [ 0, 0, 0 ],
            "translation": [ 0, 3, 0],
            "scale":[ 0.25, 0.25, 0.25 ]
        },
        "fixed": {
            "rotation": [ 0, 0, 0 ],
            "translation": [ 0, 0, 0],
            "scale":[ 0.5, 0.5, 0.5 ]
        },
        "thirdperson_righthand": {
            "rotation": [ 75, 45, 0 ],
            "translation": [ 0, 2.5, 0],
            "scale": [ 0.375, 0.375, 0.375 ]
        },
        "firstperson_righthand": {
            "rotation": [ 0, 45, 0 ],
            "translation": [ 0, 0, 0 ],
            "scale": [ 0.40, 0.40, 0.40 ]
        },
        "firstperson_lefthand": {
            "rotation": [ 0, 225, 0 ],
            "translation": [ 0, 0, 0 ],
            "scale": [ 0.40, 0.40, 0.40 ]
        }
},
    "elements": [
        {
            "from": [0,0,14],
            "to": [16,16,16],
            "faces": {
                "up": {
                    "uv": [0.0,4.0,14.0,6.0],
                    "texture": "#block"
                },
                "down": {
                    "uv": [0.0,0.0,1.0,1.0],
                    "texture": "#block"
                },
                "west": {
                    "uv": [0.0,0.0,1.0,1.0],
                    "texture": "#block"
                },
                "east": {
                    "uv": [0.0,0.0,1.0,1.0],
                    "texture": "#block"
                },
                "north": {
                    "texture": "#block"
                },
                "south": {
                    "uv": [0.0,0.0,1.0,1.0],
                    "texture": "#block"
                }
            }
        },
        {
            "from": [2,0,12],
            "to": [14,14,14],
            "faces": {
                "up": {
                    "texture": "#block"
                },
                "down": {
                    "uv": [0.0,0.0,1.0,1.0],
                    "texture": "#block"
                },
                "north": {
                    "texture": "#block"
                }
            }
        },
        {
            "from": [2,0,10],
            "to": [14,12,12],
            "faces": {
                "up": {
                    "texture": "#block"
                },
                "down": {
                    "uv": [0.0,0.0,1.0,1.0],
                    "texture": "#block"
                },
                "north": {
                    "texture": "#block"
                }
            }
        },
        {
            "from": [2,0,8],
            "to": [14,10,10],
            "faces": {
                "up": {
                    "texture": "#block"
                },
                "down": {
                    "uv": [0.0,0.0,1.0,1.0],
                    "texture": "#block"
                },
                "north": {
                    "uv": [0.0,0.0,11.0,7.0],
                    "texture": "#block"
                }
            }
        },
        {
            "from": [2,0,6],
            "to": [14,8,8],
            "faces": {
                "up": {
                    "uv": [0.0,3.0,12.0,5.0],
                    "texture": "#block"
                },
                "down": {
                    "uv": [0.0,0.0,1.0,1.0],
                    "texture": "#block"
                },
                "north": {
                    "texture": "#block"
                }
            }
        },
        {
            "from": [2,0,4],
            "to": [14,6,6],
            "faces": {
                "up": {
                    "texture": "#block"
                },
                "down": {
                    "uv": [0.0,0.0,1.0,1.0],
                    "texture": "#block"
                },
                "north": {
                    "texture": "#block"
                }
            }
        },
        {
            "from": [2,0,2],
            "to": [14,4,4],
            "faces": {
                "up": {
                    "texture": "#block"
                },
                "down": {
                    "uv": [0.0,0.0,1.0,1.0],
                    "texture": "#block"
                },
                "north": {
                    "texture": "#block"
                }
            }
        },
        {
            "from": [2,0,0],
            "to": [14,2,2],
            "faces": {
                "up": {
                    "texture": "#block"
                },
                "down": {
                    "uv": [0.0,0.0,1.0,1.0],
                    "texture": "#block"
                },
                "north": {
                    "uv": [0.0,4.0,12.0,6.0],
                    "texture": "#block"
                }
            }
        },
        {
            "from": [0,0,13],
            "to": [2,17,15],
            "faces": {
                "up": {
                    "uv": [4.0,7.0,8.0,11.0],
                    "texture": "#block"
                },
                "down": {
                    "uv": [0.0,0.0,1.0,1.0],
                    "texture": "#block"
                },
                "west": {
                    "uv": [0.0,0.0,1.0,1.0],
                    "texture": "#block"
                },
                "east": {
                    "uv": [13.0,0.0,15.0,16.0],
                    "texture": "#block"
                },
                "north": {
                    "uv": [7.0,8.0,11.0,13.0],
                    "texture": "#block"
                },
                "south": {
                    "uv": [0.0,0.0,1.0,1.0],
                    "texture": "#block"
                }
            }
        },
        {
            "from": [0,0,11],
            "to": [2,15,13],
            "faces": {
                "up": {
                    "uv": [4.0,8.0,8.0,12.0],
                    "texture": "#block"
                },
                "down": {
                    "uv": [0.0,0.0,1.0,1.0],
                    "texture": "#block"
                },
                "west": {
                    "uv": [0.0,0.0,1.0,1.0],
                    "texture": "#block"
                },
                "east": {
                    "texture": "#block"
                },
                "north": {
                    "uv": [7.0,8.0,11.0,15.0],
                    "texture": "#block"
                }
            }
        },
        {
            "from": [0,0,9],
            "to": [2,13,11],
            "faces": {
                "up": {
                    "uv": [4.0,7.0,8.0,12.0],
                    "texture": "#block"
                },
                "down": {
                    "uv": [0.0,0.0,1.0,1.0],
                    "texture": "#block"
                },
                "west": {
                    "uv": [0.0,0.0,1.0,1.0],
                    "texture": "#block"
                },
                "east": {
                    "texture": "#block"
                },
                "north": {
                    "uv": [7.0,9.0,11.0,14.0],
                    "texture": "#block"
                }
            }
        },
        {
            "from": [0,0,7],
            "to": [2,11,9],
            "faces": {
                "up": {
                    "uv": [4.0,9.0,8.0,13.0],
                    "texture": "#block"
                },
                "down": {
                    "uv": [0.0,0.0,1.0,1.0],
                    "texture": "#block"
                },
                "west": {
                    "uv": [0.0,0.0,1.0,1.0],
                    "texture": "#block"
                },
                "east": {
                    "uv": [9.0,3.0,11.0,14.0],
                    "texture": "#block"
                },
                "north": {
                    "uv": [7.0,8.0,11.0,15.0],
                    "texture": "#block"
                }
            }
        },
        {
            "from": [0,0,5],
            "to": [2,9,7],
            "faces": {
                "up": {
                    "uv": [4.0,7.0,8.0,12.0],
                    "texture": "#block"
                },
                "down": {
                    "uv": [0.0,0.0,1.0,1.0],
                    "texture": "#block"
                },
                "west": {
                    "uv": [0.0,0.0,1.0,1.0],
                    "texture": "#block"
                },
                "east": {
                    "uv": [4.0,2.0,6.0,11.0],
                    "texture": "#block"
                },
                "north": {
                    "uv": [7.0,9.0,11.0,13.0],
                    "texture": "#block"
                }
            }
        },
        {
            "from": [0,0,3],
            "to": [2,7,5],
            "faces": {
                "up": {
                    "uv": [4.0,8.0,8.0,12.0],
                    "texture": "#block"
                },
                "down": {
                    "uv": [0.0,0.0,1.0,1.0],
                    "texture": "#block"
                },
                "west": {
                    "uv": [0.0,0.0,1.0,1.0],
                    "texture": "#block"
                },
                "east": {
                    "texture": "#block"
                },
                "north": {
                    "uv": [7.0,8.0,11.0,12.0],
                    "texture": "#block"
                }
            }
        },
        {
            "from": [0,0,1],
            "to": [2,5,3],
            "faces": {
                "up": {
                    "uv": [4.0,7.0,8.0,11.0],
                    "texture": "#block"
                },
                "down": {
                    "uv": [0.0,0.0,1.0,1.0],
                    "texture": "#block"
                },
                "west": {
                    "uv": [0.0,0.0,1.0,1.0],
                    "texture": "#block"
                },
                "east": {
                    "texture": "#block"
                },
                "north": {
                    "uv": [7.0,8.0,11.0,13.0],
                    "texture": "#block"
                }
            }
        },
        {
            "from": [0,0,-1],
            "to": [2,3,1],
            "faces": {
                "up": {
                    "uv": [4.0,10.0,8.0,14.0],
                    "texture": "#block"
                },
                "down": {
                    "uv": [0.0,0.0,1.0,1.0],
                    "texture": "#block"
                },
                "west": {
                    "uv": [0.0,0.0,1.0,1.0],
                    "texture": "#block"
                },
                "east": {
                    "uv": [2.0,11.0,4.0,14.0],
                    "texture": "#block"
                },
                "north": {
                    "uv": [7.0,8.0,11.0,12.0],
                    "texture": "#block"
                }
            }
        },
        {
            "from": [14,0,11],
            "to": [16,15,13],
            "faces": {
                "up": {
                    "uv": [7.0,8.0,11.0,15.0],
                    "texture": "#block"
                },
                "down": {
                    "uv": [0.0,0.0,1.0,1.0],
                    "texture": "#block"
                },
                "west": {
                    "texture": "#block"
                },
                "east": {
                    "uv": [0.0,0.0,1.0,1.0],
                    "texture": "#block"
                },
                "north": {
                    "uv": [4.0,8.0,8.0,15.0],
                    "texture": "#block"
                }
            }
        },
        {
            "from": [14,0,13],
            "to": [16,17,15],
            "faces": {
                "up": {
                    "uv": [7.0,7.0,11.0,11.0],
                    "texture": "#block"
                },
                "down": {
                    "uv": [0.0,0.0,1.0,1.0],
                    "texture": "#block"
                },
                "west": {
                    "uv": [0.0,0.0,2.0,16.0],
                    "texture": "#block"
                },
                "east": {
                    "uv": [0.0,0.0,1.0,1.0],
                    "texture": "#block"
                },
                "north": {
                    "uv": [4.0,8.0,8.0,15.0],
                    "texture": "#block"
                },
                "south": {
                    "uv": [0.0,0.0,1.0,1.0],
                    "texture": "#block"
                }
            }
        },
        {
            "from": [14,0,9],
            "to": [16,13,11],
            "faces": {
                "up": {
                    "uv": [7.0,7.0,11.0,12.0],
                    "texture": "#block"
                },
                "down": {
                    "uv": [0.0,0.0,1.0,1.0],
                    "texture": "#block"
                },
                "west": {
                    "texture": "#block"
                },
                "east": {
                    "uv": [0.0,0.0,1.0,1.0],
                    "texture": "#block"
                },
                "north": {
                    "uv": [4.0,8.0,8.0,15.0],
                    "texture": "#block"
                }
            }
        },
        {
            "from": [14,0,7],
            "to": [16,11,9],
            "faces": {
                "up": {
                    "uv": [7.0,9.0,11.0,13.0],
                    "texture": "#block"
                },
                "down": {
                    "uv": [0.0,0.0,1.0,1.0],
                    "texture": "#block"
                },
                "west": {
                    "uv": [8.0,2.0,10.0,13.0],
                    "texture": "#block"
                },
                "east": {
                    "uv": [0.0,0.0,1.0,1.0],
                    "texture": "#block"
                },
                "north": {
                    "uv": [4.0,8.0,8.0,15.0],
                    "texture": "#block"
                }
            }
        },
        {
            "from": [14,0,5],
            "to": [16,9,7],
            "faces": {
                "up": {
                    "uv": [7.0,7.0,11.0,11.0],
                    "texture": "#block"
                },
                "down": {
                    "uv": [0.0,0.0,1.0,1.0],
                    "texture": "#block"
                },
                "west": {
                    "uv": [4.0,1.0,6.0,10.0],
                    "texture": "#block"
                },
                "east": {
                    "uv": [0.0,0.0,1.0,1.0],
                    "texture": "#block"
                },
                "north": {
                    "uv": [4.0,8.0,8.0,15.0],
                    "texture": "#block"
                }
            }
        },
        {
            "from": [14,0,3],
            "to": [16,7,5],
            "faces": {
                "up": {
                    "uv": [7.0,9.0,11.0,13.0],
                    "texture": "#block"
                },
                "down": {
                    "uv": [0.0,0.0,1.0,1.0],
                    "texture": "#block"
                },
                "west": {
                    "texture": "#block"
                },
                "east": {
                    "uv": [0.0,0.0,1.0,1.0],
                    "texture": "#block"
                },
                "north": {
                    "uv": [4.0,9.0,8.0,13.0],
                    "texture": "#block"
                }
            }
        },
        {
            "from": [14,0,1],
            "to": [16,5,3],
            "faces": {
                "up": {
                    "uv": [7.0,7.0,11.0,11.0],
                    "texture": "#block"
                },
                "down": {
                    "uv": [0.0,0.0,1.0,1.0],
                    "texture": "#block"
                },
                "west": {
                    "texture": "#block"
                },
                "east": {
                    "uv": [0.0,0.0,1.0,1.0],
                    "texture": "#block"
                },
                "north": {
                    "uv": [4.0,8.0,8.0,13.0],
                    "texture": "#block"
                }
            }
        },
        {
            "from": [14,0,-1],
            "to": [16,3,1],
            "faces": {
                "up": {
                    "uv": [7.0,9.0,11.0,13.0],
                    "texture": "#block"
                },
                "down": {
                    "uv": [0.0,0.0,1.0,1.0],
                    "texture": "#block"
                },
                "west": {
                    "uv": [3.0,11.0,5.0,14.0],
                    "texture": "#block"
                },
                "east": {
                    "uv": [0.0,0.0,1.0,1.0],
                    "texture": "#block"
                },
                "north": {
                    "uv": [4.0,10.0,8.0,15.0],
                    "texture": "#block"
                }
            }
        },
        {
            "from": [6,0,11],
            "to": [10,15,13],
            "faces": {
                "up": {
                    "uv": [1.0,7.0,5.0,16.0],
                    "texture": "#block",
                    "rotation": 90
                },
                "down": {
                    "uv": [0.0,0.0,1.0,1.0],
                    "texture": "#block"
                },
                "west": {
                    "texture": "#block"
                },
                "east": {
                    "texture": "#block"
                },
                "north": {
                    "uv": [8.0,7.0,15.0,16.0],
                    "texture": "#block",
                    "rotation": 90
                }
            }
        },
        {
            "from": [6,0,13],
            "to": [10,17,15],
            "faces": {
                "up": {
                    "uv": [7.0,7.0,12.0,16.0],
                    "texture": "#block",
                    "rotation": 90
                },
                "down": {
                    "uv": [0.0,0.0,1.0,1.0],
                    "texture": "#block"
                },
                "west": {
                    "uv": [13.0,0.0,15.0,16.0],
                    "texture": "#block"
                },
                "east": {
                    "uv": [13.0,0.0,15.0,16.0],
                    "texture": "#block"
                },
                "north": {
                    "uv": [8.0,7.0,15.0,16.0],
                    "texture": "#block",
                    "rotation": 90
                },
                "south": {
                    "uv": [0.0,0.0,1.0,1.0],
                    "texture": "#block"
                }
            }
        },
        {
            "from": [6,0,9],
            "to": [10,13,11],
            "faces": {
                "up": {
                    "uv": [7.0,7.0,12.0,16.0],
                    "texture": "#block",
                    "rotation": 90
                },
                "down": {
                    "uv": [0.0,0.0,1.0,1.0],
                    "texture": "#block"
                },
                "west": {
                    "texture": "#block"
                },
                "east": {
                    "texture": "#block"
                },
                "north": {
                    "uv": [8.0,7.0,15.0,16.0],
                    "texture": "#block",
                    "rotation": 90
                }
            }
        },
        {
            "from": [6,0,7],
            "to": [10,11,9],
            "faces": {
                "up": {
                    "uv": [8.0,7.0,15.0,16.0],
                    "texture": "#block",
                    "rotation": 90
                },
                "down": {
                    "uv": [0.0,0.0,1.0,1.0],
                    "texture": "#block"
                },
                "west": {
                    "uv": [10.0,2.0,12.0,13.0],
                    "texture": "#block"
                },
                "east": {
                    "uv": [2.0,2.0,4.0,13.0],
                    "texture": "#block"
                },
                "north": {
                    "uv": [8.0,7.0,14.0,16.0],
                    "texture": "#block",
                    "rotation": 90
                }
            }
        },
        {
            "from": [6,0,5],
            "to": [10,9,7],
            "faces": {
                "up": {
                    "uv": [7.0,7.0,11.0,16.0],
                    "texture": "#block",
                    "rotation": 90
                },
                "down": {
                    "uv": [0.0,0.0,1.0,1.0],
                    "texture": "#block"
                },
                "west": {
                    "uv": [3.0,4.0,5.0,13.0],
                    "texture": "#block"
                },
                "east": {
                    "uv": [5.0,0.0,7.0,9.0],
                    "texture": "#block"
                },
                "north": {
                    "uv": [8.0,7.0,15.0,16.0],
                    "texture": "#block",
                    "rotation": 90
                }
            }
        },
        {
            "from": [6,0,3],
            "to": [10,7,5],
            "faces": {
                "up": {
                    "uv": [8.0,7.0,15.0,16.0],
                    "texture": "#block",
                    "rotation": 90
                },
                "down": {
                    "uv": [0.0,0.0,1.0,1.0],
                    "texture": "#block"
                },
                "west": {
                    "texture": "#block"
                },
                "east": {
                    "texture": "#block"
                },
                "north": {
                    "uv": [8.0,7.0,14.0,16.0],
                    "texture": "#block",
                    "rotation": 90
                }
            }
        },
        {
            "from": [6,0,1],
            "to": [10,5,3],
            "faces": {
                "up": {
                    "uv": [7.0,7.0,12.0,16.0],
                    "texture": "#block",
                    "rotation": 90
                },
                "down": {
                    "uv": [0.0,0.0,1.0,1.0],
                    "texture": "#block"
                },
                "west": {
                    "texture": "#block"
                },
                "east": {
                    "texture": "#block"
                },
                "north": {
                    "uv": [8.0,7.0,14.0,16.0],
                    "texture": "#block",
                    "rotation": 90
                }
            }
        },
        {
            "from": [6,0,-1],
            "to": [10,3,1],
            "faces": {
                "up": {
                    "uv": [9.0,7.0,14.0,16.0],
                    "texture": "#block",
                    "rotation": 90
                },
                "down": {
                    "uv": [0.0,0.0,1.0,1.0],
                    "texture": "#block"
                },
                "west": {
                    "uv": [3.0,10.0,5.0,13.0],
                    "texture": "#block"
                },
                "east": {
                    "uv": [2.0,10.0,4.0,13.0],
                    "texture": "#block"
                },
                "north": {
                    "uv": [8.0,7.0,15.0,16.0],
                    "texture": "#block",
                    "rotation": 90
                }
            }
        }
    ]
}