{
    "__createdwith": "opl's Model Creator",
    "ambientocclusion": false,
    "textures": {
        "block": "chineseworkshop:blocks/black_tile_roof",
        "particle": "chineseworkshop:blocks/black_tile_roof"
    },
    "elements": [
        {
            "from": [10,0,10],
            "to": [14,12,14],
            "faces": {
                "up": {
                    "texture": "#block"
                },
                "down": {
                    "uv": [0,0,1,1],
                    "texture": "#block"
                },
                "west": {
                    "texture": "#block"
                },
                "north": {
                    "texture": "#block"
                }
            }
        },
        {
            "from": [9,0,8],
            "to": [14,10,10],
            "faces": {
                "up": {
                    "texture": "#block"
                },
                "down": {
                    "uv": [0,0,1,1],
                    "texture": "#block"
                },
                "north": {
                    "uv": [0,0,11,7],
                    "texture": "#block"
                }
            }
        },
        {
            "from": [7,0,6],
            "to": [14,8,8],
            "faces": {
                "up": {
                    "uv": [0,3,12,5],
                    "texture": "#block"
                },
                "down": {
                    "uv": [0,0,1,1],
                    "texture": "#block"
                },
                "north": {
                    "uv": [8,8,15,16],
                    "texture": "#block"
                }
            }
        },
        {
            "from": [5,0,4],
            "to": [14,6,6],
            "faces": {
                "up": {
                    "texture": "#block"
                },
                "down": {
                    "uv": [0,0,1,1],
                    "texture": "#block"
                },
                "north": {
                    "uv": [3,2,12,8],
                    "texture": "#block"
                }
            }
        },
        {
            "from": [3,0,2],
            "to": [14,4,4],
            "faces": {
                "up": {
                    "texture": "#block"
                },
                "down": {
                    "uv": [0,0,1,1],
                    "texture": "#block"
                },
                "north": {
                    "uv": [2,3,13,7],
                    "texture": "#block"
                }
            }
        },
        {
            "from": [1,0,0],
            "to": [14,2,2],
            "faces": {
                "up": {
                    "texture": "#block"
                },
                "down": {
                    "uv": [0,0,1,1],
                    "texture": "#block"
                },
                "north": {
                    "uv": [0,4,12,6],
                    "texture": "#block"
                }
            }
        },
        {
            "from": [-1,0,-1],
            "to": [1,3,1],
            "faces": {
                "up": {
                    "uv": [7,7,11,11],
                    "texture": "#block"
                },
                "down": {
                    "uv": [0,0,1,1],
                    "texture": "#block"
                },
                "west": {
                    "uv": [0,0,1,1],
                    "texture": "#block"
                },
                "east": {
                    "uv": [2,11,4,14],
                    "texture": "#block"
                },
                "north": {
                    "uv": [0,0,1,1],
                    "texture": "#block"
                },
                "south": {
                    "uv": [0,0,2,3],
                    "texture": "#block"
                }
            }
        },
        {
            "from": [14,0,11],
            "to": [16,15,13],
            "faces": {
                "up": {
                    "uv": [7,8,11,15],
                    "texture": "#block"
                },
                "down": {
                    "uv": [0,0,1,1],
                    "texture": "#block"
                },
                "west": {
                    "uv": [11,1,14,5],
                    "texture": "#block"
                },
                "east": {
                    "uv": [0,0,1,1],
                    "texture": "#block"
                },
                "north": {
                    "uv": [4,8,8,15],
                    "texture": "#block"
                }
            }
        },
        {
            "from": [13,0,13],
            "to": [16,17,16],
            "faces": {
                "up": {
                    "uv": [7,7,11,11],
                    "texture": "#block"
                },
                "down": {
                    "uv": [0,0,1,1],
                    "texture": "#block"
                },
                "west": {
                    "uv": [0,0,2,16],
                    "texture": "#block"
                },
                "east": {
                    "uv": [0,0,1,1],
                    "texture": "#block"
                },
                "north": {
                    "uv": [1,0,5,7],
                    "texture": "#block"
                },
                "south": {
                    "uv": [0,0,1,1],
                    "texture": "#block"
                }
            }
        },
        {
            "from": [14,0,9],
            "to": [16,13,11],
            "faces": {
                "up": {
                    "uv": [7,7,11,12],
                    "texture": "#block"
                },
                "down": {
                    "uv": [0,0,1,1],
                    "texture": "#block"
                },
                "west": {
                    "uv": [9,3,12,6],
                    "texture": "#block"
                },
                "east": {
                    "uv": [0,0,1,1],
                    "texture": "#block"
                },
                "north": {
                    "uv": [4,8,8,15],
                    "texture": "#block"
                }
            }
        },
        {
            "from": [14,0,7],
            "to": [16,11,9],
            "faces": {
                "up": {
                    "uv": [7,9,11,13],
                    "texture": "#block"
                },
                "down": {
                    "uv": [0,0,1,1],
                    "texture": "#block"
                },
                "west": {
                    "uv": [6,0,10,6],
                    "texture": "#block"
                },
                "east": {
                    "uv": [0,0,1,1],
                    "texture": "#block"
                },
                "north": {
                    "uv": [4,8,8,15],
                    "texture": "#block"
                }
            }
        },
        {
            "from": [14,0,5],
            "to": [16,9,7],
            "faces": {
                "up": {
                    "uv": [7,7,11,11],
                    "texture": "#block"
                },
                "down": {
                    "uv": [0,0,1,1],
                    "texture": "#block"
                },
                "west": {
                    "uv": [4,0,7,5],
                    "texture": "#block"
                },
                "east": {
                    "uv": [0,0,1,1],
                    "texture": "#block"
                },
                "north": {
                    "uv": [4,8,8,15],
                    "texture": "#block"
                }
            }
        },
        {
            "from": [14,0,3],
            "to": [16,7,5],
            "faces": {
                "up": {
                    "uv": [7,9,11,13],
                    "texture": "#block"
                },
                "down": {
                    "uv": [0,0,1,1],
                    "texture": "#block"
                },
                "west": {
                    "uv": [3,0,5,7],
                    "texture": "#block"
                },
                "east": {
                    "uv": [0,0,1,1],
                    "texture": "#block"
                },
                "north": {
                    "uv": [4,9,8,13],
                    "texture": "#block"
                }
            }
        },
        {
            "from": [14,0,1],
            "to": [16,5,3],
            "faces": {
                "up": {
                    "uv": [7,7,11,11],
                    "texture": "#block"
                },
                "down": {
                    "uv": [0,0,1,1],
                    "texture": "#block"
                },
                "west": {
                    "uv": [7,0,9,5],
                    "texture": "#block"
                },
                "east": {
                    "uv": [0,0,1,1],
                    "texture": "#block"
                },
                "north": {
                    "uv": [4,8,8,13],
                    "texture": "#block"
                }
            }
        },
        {
            "from": [14,0,-1],
            "to": [16,3,1],
            "faces": {
                "up": {
                    "uv": [7,9,11,13],
                    "texture": "#block"
                },
                "down": {
                    "uv": [0,0,1,1],
                    "texture": "#block"
                },
                "west": {
                    "uv": [6,2,8,5],
                    "texture": "#block"
                },
                "east": {
                    "uv": [0,0,1,1],
                    "texture": "#block"
                },
                "north": {
                    "uv": [12,1,16,6],
                    "texture": "#block"
                }
            }
        },
        {
            "from": [9,0,9],
            "to": [11,13,11],
            "faces": {
                "up": {
                    "uv": [7,7,11,11],
                    "texture": "#block"
                },
                "down": {
                    "uv": [0,0,1,1],
                    "texture": "#block"
                },
                "west": {
                    "uv": [0,0,2,16],
                    "texture": "#block"
                },
                "east": {
                    "uv": [0,0,1,1],
                    "texture": "#block"
                },
                "north": {
                    "uv": [3,0,7,7],
                    "texture": "#block"
                },
                "south": {
                    "uv": [0,0,1,1],
                    "texture": "#block"
                }
            }
        },
        {
            "from": [7,0,7],
            "to": [9,11,9],
            "faces": {
                "up": {
                    "uv": [7,7,11,11],
                    "texture": "#block"
                },
                "down": {
                    "uv": [0,0,1,1],
                    "texture": "#block"
                },
                "west": {
                    "uv": [0,0,2,16],
                    "texture": "#block"
                },
                "east": {
                    "uv": [0,0,1,1],
                    "texture": "#block"
                },
                "north": {
                    "uv": [4,0,8,7],
                    "texture": "#block"
                },
                "south": {
                    "uv": [0,0,1,1],
                    "texture": "#block"
                }
            }
        },
        {
            "from": [5,0,5],
            "to": [7,9,7],
            "faces": {
                "up": {
                    "uv": [7,7,11,11],
                    "texture": "#block"
                },
                "down": {
                    "uv": [0,0,1,1],
                    "texture": "#block"
                },
                "west": {
                    "uv": [0,0,2,16],
                    "texture": "#block"
                },
                "east": {
                    "uv": [0,0,1,1],
                    "texture": "#block"
                },
                "north": {
                    "uv": [5,0,9,7],
                    "texture": "#block"
                },
                "south": {
                    "uv": [0,0,1,1],
                    "texture": "#block"
                }
            }
        },
        {
            "from": [3,0,3],
            "to": [5,7,5],
            "faces": {
                "up": {
                    "uv": [7,7,11,11],
                    "texture": "#block"
                },
                "down": {
                    "uv": [0,0,1,1],
                    "texture": "#block"
                },
                "west": {
                    "uv": [0,0,2,16],
                    "texture": "#block"
                },
                "east": {
                    "uv": [0,0,1,1],
                    "texture": "#block"
                },
                "north": {
                    "uv": [3,0,7,7],
                    "texture": "#block"
                },
                "south": {
                    "uv": [0,0,1,1],
                    "texture": "#block"
                }
            }
        },
        {
            "from": [1,0,1],
            "to": [3,5,3],
            "faces": {
                "up": {
                    "uv": [7,7,11,11],
                    "texture": "#block"
                },
                "down": {
                    "uv": [0,0,1,1],
                    "texture": "#block"
                },
                "west": {
                    "uv": [6,0,9,5],
                    "texture": "#block"
                },
                "east": {
                    "uv": [0,0,1,1],
                    "texture": "#block"
                },
                "north": {
                    "uv": [5,0,9,7],
                    "texture": "#block"
                },
                "south": {
                    "uv": [0,0,1,1],
                    "texture": "#block"
                }
            }
        },
        {
            "from": [11,0,11],
            "to": [13,14,13],
            "faces": {
                "up": {
                    "uv": [7,7,11,11],
                    "texture": "#block"
                },
                "down": {
                    "uv": [0,0,1,1],
                    "texture": "#block"
                },
                "west": {
                    "uv": [0,0,2,16],
                    "texture": "#block"
                },
                "east": {
                    "uv": [0,0,1,1],
                    "texture": "#block"
                },
                "north": {
                    "uv": [4,0,8,7],
                    "texture": "#block"
                },
                "south": {
                    "uv": [0,0,1,1],
                    "texture": "#block"
                }
            }
        },
        {
            "from": [11,0,14],
            "to": [13,15,16],
            "faces": {
                "up": {
                    "uv": [9,7,13,11],
                    "texture": "#block"
                },
                "down": {
                    "uv": [0,0,1,1],
                    "texture": "#block"
                },
                "west": {
                    "uv": [7,9,11,14],
                    "texture": "#block"
                },
                "east": {
                    "uv": [0.0,0.0,1.0,1.0],
                    "texture": "#particle"
                },
                "north": {
                    "uv": [5,0,9,7],
                    "texture": "#block"
                },
                "south": {
                    "uv": [0,0,1,1],
                    "texture": "#block"
                }
            }
        },
        {
            "from": [9,0,14],
            "to": [11,13,16],
            "faces": {
                "up": {
                    "uv": [7,7,11,12],
                    "texture": "#block"
                },
                "down": {
                    "uv": [0,0,1,1],
                    "texture": "#block"
                },
                "west": {
                    "uv": [7,9,11,15],
                    "texture": "#block"
                },
                "east": {
                    "uv": [0.0,0.0,1.0,1.0],
                    "texture": "#particle"
                },
                "north": {
                    "uv": [5,0,9,7],
                    "texture": "#block"
                },
                "south": {
                    "uv": [0,0,1,1],
                    "texture": "#block"
                }
            }
        },
        {
            "from": [7,0,14],
            "to": [9,11,16],
            "faces": {
                "up": {
                    "uv": [8,7,12,11],
                    "texture": "#block"
                },
                "down": {
                    "uv": [0,0,1,1],
                    "texture": "#block"
                },
                "west": {
                    "uv": [7,8,11,13],
                    "texture": "#block"
                },
                "east": {
                    "uv": [0.0,0.0,1.0,1.0],
                    "texture": "#particle"
                },
                "north": {
                    "uv": [4,0,8,7],
                    "texture": "#block"
                },
                "south": {
                    "uv": [0,0,1,1],
                    "texture": "#block"
                }
            }
        },
        {
            "from": [5,0,14],
            "to": [7,9,16],
            "faces": {
                "up": {
                    "uv": [7,7,11,11],
                    "texture": "#block"
                },
                "down": {
                    "uv": [0,0,1,1],
                    "texture": "#block"
                },
                "west": {
                    "uv": [7,9,11,15],
                    "texture": "#block"
                },
                "east": {
                    "uv": [0.0,0.0,1.0,1.0],
                    "texture": "#particle"
                },
                "north": {
                    "uv": [2,0,6,7],
                    "texture": "#block"
                },
                "south": {
                    "uv": [0,0,1,1],
                    "texture": "#block"
                }
            }
        },
        {
            "from": [3,0,14],
            "to": [5,7,16],
            "faces": {
                "up": {
                    "uv": [9,7,13,12],
                    "texture": "#block"
                },
                "down": {
                    "uv": [0,0,1,1],
                    "texture": "#block"
                },
                "west": {
                    "uv": [7,8,11,15],
                    "texture": "#block"
                },
                "east": {
                    "uv": [0.0,0.0,1.0,1.0],
                    "texture": "#particle"
                },
                "north": {
                    "uv": [5,2,9,6],
                    "texture": "#block"
                },
                "south": {
                    "uv": [0,0,1,1],
                    "texture": "#block"
                }
            }
        },
        {
            "from": [1,0,14],
            "to": [3,5,16],
            "faces": {
                "up": {
                    "uv": [7,7,11,11],
                    "texture": "#block"
                },
                "down": {
                    "uv": [0,0,1,1],
                    "texture": "#block"
                },
                "west": {
                    "uv": [7,8,11,13],
                    "texture": "#block"
                },
                "east": {
                    "uv": [0.0,0.0,1.0,1.0],
                    "texture": "#particle"
                },
                "north": {
                    "uv": [4,2,8,7],
                    "texture": "#block"
                },
                "south": {
                    "uv": [0,0,1,1],
                    "texture": "#block"
                }
            }
        },
        {
            "from": [-1,0,14],
            "to": [1,3,16],
            "faces": {
                "up": {
                    "uv": [9,7,13,11],
                    "texture": "#block"
                },
                "down": {
                    "uv": [0,0,1,1],
                    "texture": "#block"
                },
                "west": {
                    "uv": [7,8,11,13],
                    "texture": "#block"
                },
                "east": {
                    "uv": [0.0,0.0,1.0,1.0],
                    "texture": "#particle"
                },
                "north": {
                    "uv": [4,2,8,7],
                    "texture": "#block"
                },
                "south": {
                    "uv": [0,0,1,1],
                    "texture": "#block"
                }
            }
        },
        {
            "from": [8,0,9],
            "to": [10,10,14],
            "faces": {
                "up": {
                    "texture": "#block"
                },
                "down": {
                    "uv": [0,0,1,1],
                    "texture": "#block"
                },
                "west": {
                    "uv": [8,0,13,10],
                    "texture": "#block"
                },
                "north": {
                    "uv": [0.0,0.0,11.0,7.0],
                    "texture": "#particle"
                }
            }
        },
        {
            "from": [6,0,7],
            "to": [8,8,14],
            "faces": {
                "up": {
                    "uv": [0,3,12,5],
                    "texture": "#block"
                },
                "down": {
                    "uv": [0,0,1,1],
                    "texture": "#block"
                },
                "west": {
                    "uv": [2,0,9,8],
                    "texture": "#block"
                },
                "north": {
                    "texture": "#particle"
                }
            }
        },
        {
            "from": [4,0,5],
            "to": [6,6,14],
            "faces": {
                "up": {
                    "uv": [4,0,6,7],
                    "texture": "#block"
                },
                "down": {
                    "uv": [0,0,1,1],
                    "texture": "#block"
                },
                "west": {
                    "uv": [3,0,12,6],
                    "texture": "#block"
                },
                "north": {
                    "texture": "#particle"
                }
            }
        },
        {
            "from": [2,0,3],
            "to": [4,4,14],
            "faces": {
                "up": {
                    "uv": [3,0,5,6],
                    "texture": "#block"
                },
                "down": {
                    "uv": [0,0,1,1],
                    "texture": "#block"
                },
                "west": {
                    "uv": [2,2,13,6],
                    "texture": "#block"
                },
                "north": {
                    "texture": "#particle"
                }
            }
        },
        {
            "from": [0,0,1],
            "to": [2,2,14],
            "faces": {
                "up": {
                    "uv": [3,0,5,7],
                    "texture": "#block"
                },
                "down": {
                    "uv": [0,0,1,1],
                    "texture": "#block"
                },
                "west": {
                    "uv": [1,2,14,4],
                    "texture": "#block"
                },
                "north": {
                    "uv": [0.0,4.0,12.0,6.0],
                    "texture": "#particle"
                }
            }
        }
    ]
}