{
    "__createdwith": "opl's Model Creator",
    "ambientocclusion": false,
    "textures": {
        "block": "chineseworkshop:blocks/black_tile_roof",
        "particle": "chineseworkshop:blocks/black_tile_roof"
    },
    "elements": [
        {
            "from": [0,0,14],
            "to": [16,16,16],
            "faces": {
                "up": {
                    "uv": [0,4,14,6],
                    "texture": "#block"
                },
                "down": {
                    "uv": [0,0,1,1],
                    "texture": "#block"
                },
                "west": {
                    "uv": [0,0,1,1],
                    "texture": "#block"
                },
                "east": {
                    "uv": [0,0,1,1],
                    "texture": "#block"
                },
                "north": {
                    "texture": "#block"
                },
                "south": {
                    "uv": [0,0,1,1],
                    "texture": "#block"
                }
            }
        },
        {
            "from": [2,0,12],
            "to": [16,14,14],
            "faces": {
                "up": {
                    "uv": [0,1,14,3],
                    "texture": "#block"
                },
                "down": {
                    "uv": [0,0,1,1],
                    "texture": "#block"
                },
                "east": {
                    "uv": [0,0,1,1],
                    "texture": "#block"
                },
                "north": {
                    "texture": "#block"
                }
            }
        },
        {
            "from": [5,0,10],
            "to": [16,12,12],
            "faces": {
                "up": {
                    "uv": [1,3,12,5],
                    "texture": "#block"
                },
                "down": {
                    "uv": [0,0,1,1],
                    "texture": "#block"
                },
                "east": {
                    "uv": [0,0,1,1],
                    "texture": "#block"
                },
                "north": {
                    "texture": "#block"
                }
            }
        },
        {
            "from": [7,0,8],
            "to": [16,10,10],
            "faces": {
                "up": {
                    "uv": [3,3,12,5],
                    "texture": "#block"
                },
                "down": {
                    "uv": [0,0,1,1],
                    "texture": "#block"
                },
                "east": {
                    "uv": [0,0,1,1],
                    "texture": "#block"
                },
                "north": {
                    "uv": [0,0,11,7],
                    "texture": "#block"
                }
            }
        },
        {
            "from": [9,0,6],
            "to": [16,8,8],
            "faces": {
                "up": {
                    "uv": [0,3,12,5],
                    "texture": "#block"
                },
                "down": {
                    "uv": [0,0,1,1],
                    "texture": "#block"
                },
                "east": {
                    "uv": [0,0,1,1],
                    "texture": "#block"
                },
                "north": {
                    "texture": "#block"
                }
            }
        },
        {
            "from": [11,0,4],
            "to": [16,6,6],
            "faces": {
                "up": {
                    "uv": [7,2,12,4],
                    "texture": "#block"
                },
                "down": {
                    "uv": [0,0,1,1],
                    "texture": "#block"
                },
                "east": {
                    "uv": [0,0,1,1],
                    "texture": "#block"
                },
                "north": {
                    "texture": "#block"
                }
            }
        },
        {
            "from": [13,0,2],
            "to": [16,4,4],
            "faces": {
                "up": {
                    "uv": [8,2,11,4],
                    "texture": "#block"
                },
                "down": {
                    "uv": [0,0,1,1],
                    "texture": "#block"
                },
                "east": {
                    "uv": [0,0,1,1],
                    "texture": "#block"
                },
                "north": {
                    "texture": "#block"
                }
            }
        },
        {
            "from": [14,0,0],
            "to": [16,2,2],
            "faces": {
                "up": {
                    "uv": [6,1,8,3],
                    "texture": "#block"
                },
                "down": {
                    "uv": [0,0,1,1],
                    "texture": "#block"
                },
                "east": {
                    "uv": [0,0,1,1],
                    "texture": "#block"
                },
                "north": {
                    "uv": [0,0,1,1],
                    "texture": "#block"
                }
            }
        },
        {
            "from": [1,0,13],
            "to": [3,17,15],
            "faces": {
                "up": {
                    "uv": [7,7,8,8],
                    "texture": "#block",
                    "rotation": 90
                },
                "down": {
                    "uv": [0,0,1,1],
                    "texture": "#block"
                },
                "west": {
                    "uv": [13,0,15,16],
                    "texture": "#block"
                },
                "east": {
                    "uv": [13,0,15,16],
                    "texture": "#block"
                },
                "north": {
                    "uv": [8,7,15,16],
                    "texture": "#block",
                    "rotation": 90
                },
                "south": {
                    "uv": [0,0,1,1],
                    "texture": "#block"
                }
            }
        },
        {
            "from": [5,0,9],
            "to": [7,13,11],
            "faces": {
                "up": {
                    "uv": [7,7,8,8],
                    "texture": "#block",
                    "rotation": 90
                },
                "down": {
                    "uv": [0,0,1,1],
                    "texture": "#block"
                },
                "west": {
                    "texture": "#block"
                },
                "east": {
                    "texture": "#block"
                },
                "north": {
                    "uv": [8,7,15,16],
                    "texture": "#block",
                    "rotation": 90
                }
            }
        },
        {
            "from": [7,0,7],
            "to": [9,11,9],
            "faces": {
                "up": {
                    "uv": [8,7,9,8],
                    "texture": "#block",
                    "rotation": 90
                },
                "down": {
                    "uv": [0,0,1,1],
                    "texture": "#block"
                },
                "west": {
                    "uv": [10,2,12,13],
                    "texture": "#block"
                },
                "east": {
                    "uv": [2,2,4,13],
                    "texture": "#block"
                },
                "north": {
                    "uv": [8,7,14,16],
                    "texture": "#block",
                    "rotation": 90
                }
            }
        },
        {
            "from": [9,0,5],
            "to": [11,9,7],
            "faces": {
                "up": {
                    "uv": [7,7,8,8],
                    "texture": "#block",
                    "rotation": 90
                },
                "down": {
                    "uv": [0,0,1,1],
                    "texture": "#block"
                },
                "west": {
                    "uv": [3,4,5,13],
                    "texture": "#block"
                },
                "east": {
                    "uv": [5,0,7,9],
                    "texture": "#block"
                },
                "north": {
                    "uv": [8,7,15,16],
                    "texture": "#block",
                    "rotation": 90
                }
            }
        },
        {
            "from": [11,0,3],
            "to": [13,7,5],
            "faces": {
                "up": {
                    "uv": [8,7,9,8],
                    "texture": "#block",
                    "rotation": 90
                },
                "down": {
                    "uv": [0,0,1,1],
                    "texture": "#block"
                },
                "west": {
                    "texture": "#block"
                },
                "east": {
                    "texture": "#block"
                },
                "north": {
                    "uv": [8,7,14,16],
                    "texture": "#block",
                    "rotation": 90
                }
            }
        },
        {
            "from": [13,0,1],
            "to": [15,5,3],
            "faces": {
                "up": {
                    "uv": [7,7,8,8],
                    "texture": "#block",
                    "rotation": 90
                },
                "down": {
                    "uv": [0,0,1,1],
                    "texture": "#block"
                },
                "west": {
                    "texture": "#block"
                },
                "east": {
                    "texture": "#block"
                },
                "north": {
                    "uv": [8,7,14,16],
                    "texture": "#block",
                    "rotation": 90
                }
            }
        },
        {
            "from": [0,0,0],
            "to": [2,16,14],
            "faces": {
                "up": {
                    "uv": [0,0,1,6],
                    "texture": "#block"
                },
                "down": {
                    "uv": [0,0,1,1],
                    "texture": "#block"
                },
                "west": {
                    "uv": [0,0,1,1],
                    "texture": "#block"
                },
                "east": {
                    "uv": [0,0,1,1],
                    "texture": "#block"
                },
                "north": {
                    "uv": [0,0,1,1],
                    "texture": "#block"
                },
                "south": {
                    "uv": [0,0,1,1],
                    "texture": "#block"
                }
            }
        },
        {
            "from": [3,0,11],
            "to": [5,15,13],
            "faces": {
                "up": {
                    "uv": [0,7,1,8],
                    "texture": "#block",
                    "rotation": 90
                },
                "down": {
                    "uv": [0,0,1,1],
                    "texture": "#block"
                },
                "west": {
                    "texture": "#block"
                },
                "east": {
                    "texture": "#block"
                },
                "north": {
                    "uv": [8,7,15,16],
                    "texture": "#block",
                    "rotation": 90
                }
            }
        },
        {
            "from": [2,0,0],
            "to": [4,14,12],
            "faces": {
                "up": {
                    "uv": [2,0,3,7],
                    "texture": "#block"
                },
                "down": {
                    "uv": [0,0,1,1],
                    "texture": "#block"
                },
                "east": {
                    "texture": "#block"
                },
                "north": {
                    "uv": [0,0,1,1],
                    "texture": "#block"
                }
            }
        },
        {
            "from": [4,0,0],
            "to": [6,12,11],
            "faces": {
                "up": {
                    "uv": [3,0,5,7],
                    "texture": "#block"
                },
                "down": {
                    "uv": [0,0,1,1],
                    "texture": "#block"
                },
                "east": {
                    "texture": "#block"
                },
                "north": {
                    "uv": [0,0,1,1],
                    "texture": "#block"
                }
            }
        },
        {
            "from": [6,0,0],
            "to": [8,10,9],
            "faces": {
                "up": {
                    "uv": [6,0,7,6],
                    "texture": "#block"
                },
                "down": {
                    "uv": [0,0,1,1],
                    "texture": "#block"
                },
                "east": {
                    "uv": [4,0,10,7],
                    "texture": "#block"
                },
                "north": {
                    "uv": [0,0,1,1],
                    "texture": "#block"
                }
            }
        },
        {
            "from": [8,0,0],
            "to": [10,8,7],
            "faces": {
                "up": {
                    "uv": [0,3,12,5],
                    "texture": "#block"
                },
                "down": {
                    "uv": [0,0,1,1],
                    "texture": "#block"
                },
                "east": {
                    "texture": "#block"
                },
                "north": {
                    "uv": [0,0,1,1],
                    "texture": "#block"
                }
            }
        },
        {
            "from": [10,0,0],
            "to": [12,6,5],
            "faces": {
                "up": {
                    "texture": "#block"
                },
                "down": {
                    "uv": [0,0,1,1],
                    "texture": "#block"
                },
                "east": {
                    "texture": "#block"
                },
                "north": {
                    "uv": [0,0,1,1],
                    "texture": "#block"
                }
            }
        },
        {
            "from": [12,0,0],
            "to": [14,4,3],
            "faces": {
                "up": {
                    "texture": "#block"
                },
                "down": {
                    "uv": [0,0,1,1],
                    "texture": "#block"
                },
                "east": {
                    "texture": "#block"
                },
                "north": {
                    "uv": [0,0,1,1],
                    "texture": "#block"
                }
            }
        }
    ]
}