{
"textures": {
    "particle": "chineseworkshop:blocks/white_gray_walls",
    "block": "chineseworkshop:blocks/white_gray_walls"
},
"elements": [ 
{
    "from": [ 0, 0, 0 ],
    "to": [ 16, 8, 16 ],
    "faces": {
        "down":  { "uv": [ 16, 16, 0, 0 ], "texture": "#block" },
        "up":    { "uv": [ 0, 0, 16, 16 ], "texture": "#block" },
        "north": { "uv": [ 0, 8, 16, 16 ], "texture": "#block" },
        "south": { "uv": [ 0, 8, 16, 16 ], "texture": "#block" },
        "west":  { "uv": [ 0, 8, 16, 16 ], "texture": "#block" },
        "east":  { "uv": [ 0, 8, 16, 16 ], "texture": "#block" }
    }
},
{
    "from": [ 8, 8, 8 ],
    "to": [ 16, 16, 16 ],
    "faces": {
        "down":  { "uv": [ 8, 16, 0, 8 ], "texture": "#block" },
        "up":    { "uv": [ 8, 8, 16, 16 ], "texture": "#block" },
        "north": { "uv": [ 0, 0, 8, 8 ], "texture": "#block" },
        "south": { "uv": [ 8, 0, 16, 8 ], "texture": "#block" },
        "west":  { "uv": [ 8, 0, 16, 8 ], "texture": "#block" },
        "east":  { "uv": [ 0, 0, 8, 8 ], "texture": "#block" }
    }
}
]
}