{
"textures": {
    "particle": "chineseworkshop:blocks/white_gray_walls",
    "block": "chineseworkshop:blocks/white_gray_walls"
},
"elements": [ 
{
    "from": [ 0, 0, 0 ],
    "to": [ 16, 8, 16 ],
    "faces": {
        "down":  { "uv": [ 0, 0, 16, 16 ], "texture": "#block", "cullface": "down" },
        "up":    { "uv": [ 0, 0, 16, 16 ], "texture": "#block" },
        "north": { "uv": [ 0, 8, 16, 16 ], "texture": "#block", "cullface": "north" },
        "south": { "uv": [ 0, 8, 16, 16 ], "texture": "#block", "cullface": "south" },
        "west":  { "uv": [ 0, 8, 16, 16 ], "texture": "#block", "cullface": "west" },
        "east":  { "uv": [ 0, 8, 16, 16 ], "texture": "#block", "cullface": "east" }
    }
},
{
    "from": [ 8, 8, 0 ],
    "to": [ 16, 16, 16 ],
    "faces": {
        "down":  { "uv": [ 8, 0, 16, 16 ], "texture": "#block", "cullface": "down" },
        "up":    { "uv": [ 8, 0, 16, 16 ], "texture": "#block", "cullface": "up" },
        "north": { "uv": [ 0, 0, 8, 8 ], "texture": "#block", "cullface": "north" },
        "south": { "uv": [ 8, 0, 16, 8 ], "texture": "#block", "cullface": "south" },
        "west":  { "uv": [ 0, 0, 16, 8 ], "texture": "#block" },
        "east":  { "uv": [ 0, 0, 16, 8 ], "texture": "#block", "cullface": "east" }
    }
},
{
    "from": [ 0, 8, 8 ],
    "to": [ 8, 16, 16 ],
    "faces": {
        "down":  { "uv": [ 0, 0, 8, 8 ], "texture": "#block", "cullface": "down" },
        "up":    { "uv": [ 0, 8, 8, 16 ], "texture": "#block", "cullface": "up" },
        "north": { "uv": [ 8, 0, 16, 8 ], "texture": "#block" },
        "south": { "uv": [ 0, 0, 8, 8 ], "texture": "#block", "cullface": "south" },
        "west":  { "uv": [ 8, 0, 16, 8 ], "texture": "#block", "cullface": "west" },
        "east":  { "uv": [ 0, 0, 8, 8 ], "texture": "#block", "cullface": "east" }
    }
}
]
}