{
    "__createdwith": "opl's Model Creator",
    "ambientocclusion": false,
    "textures": {
        "wood": "chineseworkshop:blocks/wood",
        "table": "chineseworkshop:blocks/table",
        "particle": "chineseworkshop:blocks/wood"
    },
	"display": {
        "gui": {	
            "rotation": [ 30, 225, 0 ],
            "translation": [ 0, 0, 0],
            "scale":[ 0.625, 0.625, 0.625 ]
        },
        "ground": {
            "rotation": [ 0, 0, 0 ],
            "translation": [ 0, 3, 0],
            "scale":[ 0.25, 0.25, 0.25 ]
        },
        "fixed": {
            "rotation": [ 0, 0, 0 ],
            "translation": [ 0, 0, 0],
            "scale":[ 0.5, 0.5, 0.5 ]
        },
        "thirdperson_righthand": {
            "rotation": [ 75, 45, 0 ],
            "translation": [ 0, 2.5, 0],
            "scale": [ 0.375, 0.375, 0.375 ]
        },
        "firstperson_righthand": {
            "rotation": [ 0, 45, 0 ],
            "translation": [ 0, 0, 0 ],
            "scale": [ 0.40, 0.40, 0.40 ]
        },
        "firstperson_lefthand": {
            "rotation": [ 0, 225, 0 ],
            "translation": [ 0, 0, 0 ],
            "scale": [ 0.40, 0.40, 0.40 ]
        }
},
    "elements": [
        {
            "from": [0,14,0],
            "to": [16,16,16],
            "faces": {
                "up": {
                    "uv": [0,0,16,16],
                    "texture": "#table"
                },
                "down": {
                    "uv": [0,0,16,16],
                    "texture": "#table"
                },
                "west": {
                    "uv": [0,0,16,3],
                    "texture": "#wood"
                },
                "east": {
                    "uv": [0,0,16,3],
                    "texture": "#wood"
                },
                "north": {
                    "uv": [0,4,16,7],
                    "texture": "#wood"
                },
                "south": {
                    "uv": [0,0,16,3],
                    "texture": "#wood"
                }
            }
        },
        {
            "from": [11,0,11],
            "to": [13,14,13],
            "faces": {
                "down": {
                    "uv": [11,11,12,12],
                    "texture": "#wood"
                },
                "west": {
                    "uv": [0,11,16,16],
                    "texture": "#wood",
                    "rotation": 90
                },
                "east": {
                    "uv": [0,7,16,12],
                    "texture": "#wood",
                    "rotation": 90
                },
                "north": {
                    "uv": [0,11,16,16],
                    "texture": "#wood",
                    "rotation": 90
                },
                "south": {
                    "uv": [0,3,16,8],
                    "texture": "#wood",
                    "rotation": 90
                }
            }
        },
        {
            "from": [0,12,12],
            "to": [11,14,13],
            "faces": {
                "down": {
                    "texture": "#wood"
                },
                "west": {
                    "texture": "#wood"
                },
                "north": {
                    "uv": [0,4,16,8],
                    "texture": "#wood"
                },
                "south": {
                    "uv": [0,4,16,8],
                    "texture": "#wood"
                }
            }
        },
        {
            "from": [12,12,0],
            "to": [13,14,11],
            "faces": {
                "down": {
                    "texture": "#wood"
                },
                "west": {
                    "uv": [0,4,16,8],
                    "texture": "#wood"
                },
                "east": {
                    "uv": [0,4,16,8],
                    "texture": "#wood"
                },
                "north": {
                    "texture": "#wood"
                }
            }
        },
        {
            "from": [9,10,12],
            "to": [11,12,13],
            "faces": {
                "down": {
                    "texture": "#wood"
                },
                "west": {
                    "texture": "#wood"
                },
                "north": {
                    "texture": "#wood"
                },
                "south": {
                    "texture": "#wood"
                }
            }
        },
        {
            "from": [12,10,9],
            "to": [13,12,11],
            "faces": {
                "down": {
                    "texture": "#wood"
                },
                "west": {
                    "texture": "#wood"
                },
                "east": {
                    "uv": [6,8,8,10],
                    "texture": "#wood"
                },
                "north": {
                    "texture": "#wood"
                }
            }
        }
    ]
}