{
    "__createdwith": "opl's Model Creator",
    "ambientocclusion": false,
    "textures": {
        "TheLantern": "chineseworkshop:blocks/the_lantern",
        "particle": "chineseworkshop:blocks/the_lantern"
    },
	"display": {
        "gui": {
            "rotation": [ 30, 225, 0 ],
            "translation": [ 0, 0, 0],
            "scale":[ 0.625, 0.625, 0.625 ]
        },
        "ground": {
            "rotation": [ 0, 0, 0 ],
            "translation": [ 0, 3, 0],
            "scale":[ 0.25, 0.25, 0.25 ]
        },
        "fixed": {
            "rotation": [ 0, 0, 0 ],
            "translation": [ 0, 0, 0],
            "scale":[ 0.5, 0.5, 0.5 ]
        },
        "thirdperson_righthand": {
            "rotation": [ 75, 45, 0 ],
            "translation": [ 0, 2.5, 0],
            "scale": [ 0.375, 0.375, 0.375 ]
        },
        "firstperson_righthand": {
            "rotation": [ 0, 45, 0 ],
            "translation": [ 0, 0, 0 ],
            "scale": [ 0.40, 0.40, 0.40 ]
        },
        "firstperson_lefthand": {
            "rotation": [ 0, 225, 0 ],
            "translation": [ 0, 0, 0 ],
            "scale": [ 0.40, 0.40, 0.40 ]
        }
},
    "elements": [
        {
            "from": [2,2,2],
            "to": [14,11,14],
            "faces": {
                "up": {
                    "uv": [2,0,11,8],
                    "texture": "#TheLantern"
                },
                "down": {
                    "uv": [2,0,11,8],
                    "texture": "#TheLantern"
                },
                "west": {
                    "uv": [2,0,13,8],
                    "texture": "#TheLantern"
                },
                "east": {
                    "uv": [2,0,13,8],
                    "texture": "#TheLantern"
                },
                "north": {
                    "uv": [2,0,13,8],
                    "texture": "#TheLantern"
                },
                "south": {
                    "uv": [1,0,12,8],
                    "texture": "#TheLantern"
                }
            }
        },
        {
            "from": [4,1,4],
            "to": [12,2,12],
            "faces": {
                "down": {
                    "uv": [3,8,11,16],
                    "texture": "#TheLantern"
                },
                "west": {
                    "texture": "#TheLantern"
                },
                "east": {
                    "texture": "#TheLantern"
                },
                "north": {
                    "texture": "#TheLantern"
                },
                "south": {
                    "texture": "#TheLantern"
                }
            }
        },
        {
            "from": [6,12,6],
            "to": [10,13,10],
            "faces": {
                "up": {
                    "uv": [5,10,9,14],
                    "texture": "#TheLantern"
                },
                "west": {
                    "uv": [6,10,10,11],
                    "texture": "#TheLantern"
                },
                "east": {
                    "uv": [5,10,9,11],
                    "texture": "#TheLantern"
                },
                "north": {
                    "uv": [6,9,10,10],
                    "texture": "#TheLantern"
                },
                "south": {
                    "uv": [4,9,8,10],
                    "texture": "#TheLantern"
                }
            }
        },
        {
            "from": [4,11,4],
            "to": [12,12,12],
            "faces": {
                "up": {
                    "uv": [4,0,12,8],
                    "texture": "#TheLantern"
                },
                "west": {
                    "texture": "#TheLantern"
                },
                "east": {
                    "texture": "#TheLantern"
                },
                "north": {
                    "texture": "#TheLantern"
                },
                "south": {
                    "texture": "#TheLantern"
                }
            }
        },
        {
            "from": [7,-1,7],
            "to": [9,1,9],
            "faces": {
                "down": {
                    "uv": [7,10,9,12],
                    "texture": "#TheLantern"
                },
                "west": {
                    "uv": [7,13,9,15],
                    "texture": "#TheLantern"
                },
                "east": {
                    "uv": [7,14,9,16],
                    "texture": "#TheLantern"
                },
                "north": {
                    "uv": [7,13,9,15],
                    "texture": "#TheLantern"
                },
                "south": {
                    "uv": [6,14,8,16],
                    "texture": "#TheLantern"
                }
            }
        },
        {
            "from": [7,13,7],
            "to": [8,16,8],
            "faces": {
                "up": {
                    "uv": [8,8,9,11],
                    "texture": "#TheLantern"
                },
                "west": {
                    "uv": [8,8,9,11],
                    "texture": "#TheLantern"
                },
                "east": {
                    "uv": [5,9,6,12],
                    "texture": "#TheLantern"
                },
                "north": {
                    "uv": [7,8,8,11],
                    "texture": "#TheLantern"
                },
                "south": {
                    "uv": [7,10,8,13],
                    "texture": "#TheLantern"
                }
            }
        },
        {
            "from": [8,13,8],
            "to": [9,16,9],
            "faces": {
                "up": {
                    "texture": "#TheLantern"
                },
                "west": {
                    "uv": [9,9,10,12],
                    "texture": "#TheLantern"
                },
                "east": {
                    "uv": [9,9,10,12],
                    "texture": "#TheLantern"
                },
                "north": {
                    "uv": [11,11,12,14],
                    "texture": "#TheLantern"
                },
                "south": {
                    "uv": [9,10,10,13],
                    "texture": "#TheLantern"
                }
            }
        }
    ]
}