{
    "__createdwith": "opl's Model Creator",
    "ambientocclusion": false,
    "textures": {
        "white_gray_walls": "chineseworkshop:blocks/white_gray_walls",
        "particle": "chineseworkshop:blocks/white_gray_walls"
    },
	"display": {
        "gui": {
            "rotation": [ 30, 225, 0 ],
            "translation": [ 0, 0, 0],
            "scale":[ 0.625, 0.625, 0.625 ]
        },
        "ground": {
            "rotation": [ 0, 0, 0 ],
            "translation": [ 0, 3, 0],
            "scale":[ 0.25, 0.25, 0.25 ]
        },
        "fixed": {
            "rotation": [ 0, 0, 0 ],
            "translation": [ 0, 0, 0],
            "scale":[ 0.5, 0.5, 0.5 ]
        },
        "thirdperson_righthand": {
            "rotation": [ 75, 45, 0 ],
            "translation": [ 0, 2.5, 0],
            "scale": [ 0.375, 0.375, 0.375 ]
        },
        "firstperson_righthand": {
            "rotation": [ 0, 45, 0 ],
            "translation": [ 0, 0, 0 ],
            "scale": [ 0.40, 0.40, 0.40 ]
        },
        "firstperson_lefthand": {
            "rotation": [ 0, 225, 0 ],
            "translation": [ 0, 0, 0 ],
            "scale": [ 0.40, 0.40, 0.40 ]
        }
},
    "elements": [
        {
            "from": [0,0,15],
            "to": [16,16,16],
            "faces": {
                "up": {
                    "texture": "#white_gray_walls"
                },
                "down": {
                    "texture": "#white_gray_walls"
                },
                "west": {
                    "texture": "#white_gray_walls"
                },
                "east": {
                    "texture": "#white_gray_walls"
                },
                "north": {
                    "texture": "#white_gray_walls"
                },
                "south": {
                    "texture": "#white_gray_walls"
                }
            }
        }
    ]
}