{
"textures": {
    "particle": "chineseworkshop:blocks/black_brick_wall",
    "texture": "chineseworkshop:blocks/black_brick_wall"
},
"elements": [ 
{
    "from": [ 4, 0, 0 ],
    "to": [ 12, 16, 4 ],
    "faces": {
        "down":  { "uv": [ 13, 3, 3, 0 ], "texture": "#texture" },
        "up":    { "uv": [ 3, 0, 13, 3 ], "texture": "#texture" },
        "north": { "uv": [ 3, 0, 13, 16 ], "texture": "#texture" },
        "south": { "uv": [ 3, 0, 13, 16 ], "texture": "#texture" },
        "west":  { "uv": [ 0, 0, 3, 16 ], "texture": "#texture" },
        "east":  { "uv": [ 13, 0, 16, 16 ], "texture": "#texture" }
    }
}
]
}