{
"textures": {
    "particle": "chineseworkshop:blocks/black_brick_wall",
    "texture": "chineseworkshop:blocks/black_brick_wall"
},
"display": {
        "gui": {	
            "rotation": [ 30, 225, 0 ],
            "translation": [ 0, 0, 0],
            "scale":[ 0.625, 0.625, 0.625 ]
        },
        "ground": {
            "rotation": [ 0, 0, 0 ],
            "translation": [ 0, 3, 0],
            "scale":[ 0.25, 0.25, 0.25 ]
        },
        "fixed": {
            "rotation": [ 0, 0, 0 ],
            "translation": [ 0, 0, 0],
            "scale":[ 0.5, 0.5, 0.5 ]
        },
        "thirdperson_righthand": {
            "rotation": [ 75, 45, 0 ],
            "translation": [ 0, 2.5, 0],
            "scale": [ 0.375, 0.375, 0.375 ]
        },
        "firstperson_righthand": {
            "rotation": [ 0, 45, 0 ],
            "translation": [ 0, 0, 0 ],
            "scale": [ 0.40, 0.40, 0.40 ]
        },
        "firstperson_lefthand": {
            "rotation": [ 0, 225, 0 ],
            "translation": [ 0, 0, 0 ],
            "scale": [ 0.40, 0.40, 0.40 ]
        }
},
"elements": [ 
{
    "from": [ 4, 0, 4 ],
    "to": [ 12, 16, 12 ],
    "faces": {
        "down":  { "uv": [ 13, 13, 3, 3 ], "texture": "#texture" },
        "up":    { "uv": [ 3, 3, 13, 13 ], "texture": "#texture" },
        "north": { "uv": [ 3, 0, 13, 16 ], "texture": "#texture" },
        "south": { "uv": [ 3, 0, 13, 16 ], "texture": "#texture" },
        "west":  { "uv": [ 3, 0, 13, 16 ], "texture": "#texture" },
        "east":  { "uv": [ 3, 0, 13, 16 ], "texture": "#texture" }
    }
}
]
}